axis,short_path,short_label,short_cycles,long_path,long_label,long_cycles,cycle_gap,knots,knot_spacing_mm,max_knot_offset_mm,mean_abs_difference_mm_s,max_abs_difference_mm_s,max_abs_difference_depth_mm,knots_above_envelope,max_abs_difference_over_envelope,depth_ranges_above_envelope_mm,correlation_length_change_mm,gradient_median_change_mm_s_per_mm,robust_spread_change_mm_s,zero_fraction_change,hf_share_change,acf_e_folding_lag_change_s
burst_len,burst_len/2.BDD,2,2,burst_len/4.BDD,4,4,2,50,1.85,0,4.26203874244,9.57753298353,37.9126666667,0,0.494449814969,,1.85,-0.330730022613,12.8756755457,-0.00412955465587,0.0181792818088,0
burst_len,burst_len/2.BDD,2,2,burst_len/6.BDD,6,6,4,50,1.85,0,6.76555564872,19.9302391635,80.4626666667,1,1.02891872924,80.4627..80.4627,3.7,-0.118588454323,9.0467343561,-0.00453441295547,-0.00939963863912,0
burst_len,burst_len/2.BDD,2,2,burst_len/8.BDD,8,8,6,50,1.85,0,5.78210950291,18.1873182973,80.4626666667,0,0.938938678923,,3.7,0.0632471756392,9.31975133094,-0.00214574898785,0.0020951044076,0
burst_len,burst_len/2.BDD,2,2,burst_len/12.BDD,12,12,10,50,1.85,0,4.02519651677,12.3662063694,80.4626666667,0,0.63841789548,,1.85,0.0461177322368,8.35322248697,-0.00275303643725,-0.0207202223976,0
burst_len,burst_len/2.BDD,2,2,burst_len/14.BDD,14,14,12,50,1.85,0,4.08233506936,10.991370889,86.0126666667,0,0.567440625018,,0,-0.156800289605,7.0667518756,-0.00453441295547,-0.0136049564196,0
burst_len,burst_len/2.BDD,2,2,burst_len/16.BDD,16,16,14,50,1.85,0,3.89639100828,11.3180161981,76.7626666667,0,0.584304019064,,0,-0.428236085057,7.7188236682,-0.0036032388664,-0.0258475414762,0
burst_len,burst_len/2.BDD,2,2,burst_len/18.BDD,18,18,16,50,1.85,0,3.65082199002,13.845860867,76.7626666667,0,0.714806553583,,0,-0.131764949248,5.56150203663,-0.00263157894737,-0.0120481992592,0
burst_len,burst_len/2.BDD,2,2,burst_len/20.BDD,20,20,18,50,1.85,0,4.86496747956,13.0219346393,37.9126666667,0,0.672270529796,,1.85,-0.453271425414,7.62253643153,-0.00344129554656,-0.0148148124073,0
burst_len,burst_len/2.BDD,2,2,burst_len/24.BDD,24,24,22,50,1.85,0,6.01627031187,16.3127642468,73.0626666667,0,0.842162932496,,0,-0.243765156109,3.03182912911,-0.00157894736842,-0.0231499479275,0
burst_len,burst_len/2.BDD,2,2,burst_len/28.BDD,28,28,26,50,1.85,0,8.01241442221,37.466704494,10.1626666667,1,1.9342564663,10.1627..10.1627,0,-0.0237176908647,4.03736039806,0.00935222672065,-0.0265954697165,0
burst_len,burst_len/2.BDD,2,2,burst_len/32.BDD,32,32,30,50,1.85,0,7.28989449951,25.997553899,76.7626666667,2,1.34214998133,10.1627..10.1627; 76.7627..76.7627,1.85,-0.299106434793,8.08873729259,0.00145748987854,-0.0222707747257,0.0223892238794
burst_len,burst_len/4.BDD,4,4,burst_len/6.BDD,6,6,2,50,1.85,0,6.30420571426,15.1719433162,13.8626666667,0,0.78326689956,,1.85,0.21214156829,-3.82894118958,-0.000404858299595,-0.0275789204479,0
burst_len,burst_len/4.BDD,4,4,burst_len/8.BDD,8,8,4,50,1.85,0,5.28624242235,13.5825944984,47.1626666667,0,0.701215161367,,1.85,0.393977198252,-3.55592421474,0.00198380566802,-0.0160841774012,0
burst_len,burst_len/4.BDD,4,4,burst_len/12.BDD,12,12,8,50,1.85,0,3.15978145955,8.47571447791,87.8626666667,0,0.437567321621,,0,0.37684775485,-4.52245305871,0.00137651821862,-0.0388995042063,0
burst_len,burst_len/4.BDD,4,4,burst_len/14.BDD,14,14,10,50,1.85,0,4.27661589878,17.0952503979,87.8626666667,0,0.882559570471,,-1.85,0.173929733008,-5.80892367008,-0.000404858299595,-0.0317842382284,0
burst_len,burst_len/4.BDD,4,4,burst_len/16.BDD,16,16,12,50,1.85,0,4.29202185664,15.7179772659,87.8626666667,0,0.811456453785,,-1.85,-0.0975060624437,-5.15685187749,0.000526315789474,-0.044026823285,0
burst_len,burst_len/4.BDD,4,4,burst_len/18.BDD,18,18,14,50,1.85,0,4.55835966621,12.3345168991,76.7626666667,0,0.636781894565,,-1.85,0.198965073365,-7.31417350905,0.0014979757085,-0.030227481068,0
burst_len,burst_len/4.BDD,4,4,burst_len/20.BDD,20,20,16,50,1.85,0,5.46555607119,17.3292649478,87.8626666667,0,0.894640807996,,0,-0.122541402801,-5.25313911415,0.000688259109312,-0.0329940942161,0
burst_len,burst_len/4.BDD,4,4,burst_len/24.BDD,24,24,20,50,1.85,0,7.24187276375,18.2970126176,10.1626666667,0,0.944601759013,,-1.85,0.0869648665038,-9.84384641658,0.00255060728745,-0.0413292297363,0
burst_len,burst_len/4.BDD,4,4,burst_len/28.BDD,28,28,24,50,1.85,0,8.97289789031,44.031300148,10.1626666667,2,2.27316034813,10.1627..12.0127,-1.85,0.307012331748,-8.83831514763,0.0134817813765,-0.0447747515253,0
burst_len,burst_len/4.BDD,4,4,burst_len/32.BDD,32,32,28,50,1.85,0,7.19438731134,28.130499015,10.1626666667,4,1.45226542753,10.1627..10.1627; 76.7627..76.7627; 87.8627..89.7127,0,0.0316235878196,-4.78693825309,0.00558704453441,-0.0404500565345,0.0223892238794
burst_len,burst_len/6.BDD,6,6,burst_len/8.BDD,8,8,2,50,1.85,0,7.15548239243,19.411019381,47.1626666667,1,1.00211348348,47.1627..47.1627,0,0.181835629962,0.273016974842,0.00238866396761,0.0114947430467,0
burst_len,burst_len/6.BDD,6,6,burst_len/12.BDD,12,12,6,50,1.85,0,6.08042930095,15.1914445287,15.7126666667,0,0.784273669353,,-1.85,0.16470618656,-0.693511869131,0.00178137651822,-0.0113205837584,0
burst_len,burst_len/6.BDD,6,6,burst_len/14.BDD,14,14,8,50,1.85,0,7.09761254437,22.5702158041,86.0126666667,3,1.16521019007,82.3127..86.0127,-3.7,-0.038211835282,-1.9799824805,0,-0.00420531778053,0
burst_len,burst_len/6.BDD,6,6,burst_len/16.BDD,16,16,10,50,1.85,0,6.73391493145,20.571341524,82.3126666667,2,1.06201628621,82.3127..82.3127; 86.0127..86.0127,-3.7,-0.309647630733,-1.3279106879,0.000931174089069,-0.0164479028371,0
burst_len,burst_len/6.BDD,6,6,burst_len/18.BDD,18,18,12,50,1.85,0,6.46582201276,15.6472853706,82.3126666667,0,0.807806913283,,-3.7,-0.0131764949248,-3.48523231947,0.0019028340081,-0.00264856062011,0
burst_len,burst_len/6.BDD,6,6,burst_len/20.BDD,20,20,14,50,1.85,0,7.6085930646,19.0575599046,86.0126666667,0,0.98386578097,,-1.85,-0.33468297109,-1.42419792457,0.00109311740891,-0.00541517376817,0
burst_len,burst_len/6.BDD,6,6,burst_len/24.BDD,24,24,18,50,1.85,0,6.00983491175,19.3671416529,86.0126666667,0,0.999848251446,,-3.7,-0.125176701786,-6.01490522699,0.00295546558704,-0.0137503092884,0
burst_len,burst_len/6.BDD,6,6,burst_len/28.BDD,28,28,22,50,1.85,0,8.8123541585,34.7145958815,10.1626666667,5,1.79217607915,10.1627..10.1627; 47.1627..52.7127,-3.7,0.0948707634586,-5.00937395804,0.0138866396761,-0.0171958310774,0
burst_len,burst_len/6.BDD,6,6,burst_len/32.BDD,32,32,26,50,1.85,0,7.61614978444,23.9279877237,86.0126666667,4,1.23530653697,84.1627..89.7127,-1.85,-0.18051798047,-0.957997063509,0.00599190283401,-0.0128711360866,0.0223892238794
burst_len,burst_len/8.BDD,8,8,burst_len/12.BDD,12,12,4,50,1.85,0,5.24909261256,12.9195532738,45.3126666667,0,0.666984988378,,-1.85,-0.0171294434023,-0.966528843973,-0.000607287449393,-0.0228153268052,0
burst_len,burst_len/8.BDD,8,8,burst_len/14.BDD,14,14,6,50,1.85,0,7.5300519313,21.2685098705,86.0126666667,2,1.09800830634,84.1627..86.0127,-3.7,-0.220047465244,-2.25299945534,-0.00238866396761,-0.0157000608272,0
burst_len,burst_len/8.BDD,8,8,burst_len/16.BDD,16,16,8,50,1.85,0,7.48178643039,18.416457544,86.0126666667,0,0.950768223999,,-3.7,-0.491483260696,-1.60092766275,-0.00145748987854,-0.0279426458838,0
burst_len,burst_len/8.BDD,8,8,burst_len/18.BDD,18,18,10,50,1.85,0,4.62432251745,13.3583305548,82.3126666667,0,0.689637308738,,-3.7,-0.195012124887,-3.75824929431,-0.000485829959514,-0.0141433036668,0
burst_len,burst_len/8.BDD,8,8,burst_len/20.BDD,20,20,12,50,1.85,0,8.1566746416,17.755853971,86.0126666667,0,0.916663897235,,-1.85,-0.516518601053,-1.69721489941,-0.0012955465587,-0.0169099168149,0
burst_len,burst_len/8.BDD,8,8,burst_len/24.BDD,24,24,16,50,1.85,0,7.44629422367,18.0654357192,86.0126666667,0,0.932646367711,,-3.7,-0.307012331748,-6.28792220183,0.000566801619433,-0.0252450523351,0
burst_len,burst_len/8.BDD,8,8,burst_len/28.BDD,28,28,20,50,1.85,0,7.56300898041,40.0116127238,10.1626666667,1,2.06563992438,10.1627..10.1627,-3.7,-0.0869648665038,-5.28239093288,0.0114979757085,-0.0286905741241,0
burst_len,burst_len/8.BDD,8,8,burst_len/32.BDD,32,32,24,50,1.85,0,9.25815187599,24.1108115908,10.1626666667,4,1.24474500378,10.1627..10.1627; 86.0127..89.7127,-1.85,-0.362353610433,-1.23101403835,0.0036032388664,-0.0243658791333,0.0223892238794
burst_len,burst_len/12.BDD,12,12,burst_len/14.BDD,14,14,2,50,1.85,0,3.35791377843,10.4770264096,86.0126666667,0,0.540887071707,,-1.85,-0.202918021842,-1.28647061137,-0.00178137651822,0.00711526597792,0
burst_len,burst_len/12.BDD,12,12,burst_len/16.BDD,16,16,4,50,1.85,0,3.49978509929,7.7371060549,63.8126666667,0,0.399435915682,,-1.85,-0.474353817293,-0.634398818774,-0.00085020242915,-0.00512731907863,0
burst_len,burst_len/12.BDD,12,12,burst_len/18.BDD,18,18,6,50,1.85,0,3.82940434338,9.76766980529,41.6126666667,0,0.504265820459,,-1.85,-0.177882681485,-2.79172045034,0.000121457489879,0.00867202313834,0
burst_len,burst_len/12.BDD,12,12,burst_len/20.BDD,20,20,8,50,1.85,0,4.35359693508,11.6812262807,65.6626666667,0,0.603055106473,,0,-0.499389157651,-0.730686055437,-0.000688259109312,0.00590540999028,0
burst_len,burst_len/12.BDD,12,12,burst_len/24.BDD,24,24,12,50,1.85,0,5.95362266675,12.5977832677,15.7126666667,0,0.650373286781,,-1.85,-0.289882888346,-5.32139335786,0.00117408906883,-0.00242972552992,0
burst_len,burst_len/12.BDD,12,12,burst_len/28.BDD,28,28,16,50,1.85,0,7.97385077452,35.7457224918,10.1626666667,1,1.845409032,10.1627..10.1627,-1.85,-0.0698354231015,-4.31586208891,0.0121052631579,-0.00587524731893,0
burst_len,burst_len/12.BDD,12,12,burst_len/32.BDD,32,32,20,50,1.85,0,6.24029049033,19.8449213588,10.1626666667,1,1.02451411139,10.1627..10.1627,0,-0.34522416703,-0.264485194378,0.00421052631579,-0.00155055232813,0.0223892238794
burst_len,burst_len/14.BDD,14,14,burst_len/16.BDD,16,16,2,50,1.85,0,1.37288535921,4.62666266295,76.7626666667,0,0.238856133574,,0,-0.271435795451,0.652071792592,0.000931174089069,-0.0122425850565,0
burst_len,burst_len/14.BDD,14,14,burst_len/18.BDD,18,18,4,50,1.85,0,5.27317660998,11.9371796947,41.6126666667,0,0.616268960017,,0,0.0250353403572,-1.50524983897,0.0019028340081,0.00155675716042,0
burst_len,burst_len/14.BDD,14,14,burst_len/20.BDD,20,20,6,50,1.85,0,2.11485774137,5.89180382316,76.7626666667,0,0.304170323945,,1.85,-0.296471135808,0.555784555929,0.00109311740891,-0.00120985598764,0
burst_len,burst_len/14.BDD,14,14,burst_len/24.BDD,24,24,10,50,1.85,0,6.5926774,12.3467051569,74.9126666667,0,0.637411125686,,0,-0.0869648665038,-4.0349227465,0.00295546558704,-0.00954499150784,0
burst_len,burst_len/14.BDD,14,14,burst_len/28.BDD,28,28,14,50,1.85,0,7.8056528168,35.6189646107,10.1626666667,1,1.83886502834,10.1627..10.1627,0,0.133082598741,-3.02939147755,0.0138866396761,-0.0129905132969,0
burst_len,burst_len/14.BDD,14,14,burst_len/32.BDD,32,32,18,50,1.85,0,4.85697198244,19.7181634777,10.1626666667,1,1.01797010773,10.1627..10.1627,1.85,-0.142306145188,1.02198541699,0.00599190283401,-0.00866581830605,0.0223892238794
burst_len,burst_len/16.BDD,16,16,burst_len/18.BDD,18,18,2,50,1.85,0,4.46114612195,12.5977832677,41.6126666667,0,0.650373286781,,0,0.296471135808,-2.15732163157,0.000971659919028,0.013799342217,0
burst_len,burst_len/16.BDD,16,16,burst_len/20.BDD,20,20,4,50,1.85,0,1.88562098857,4.95818327526,82.3126666667,0,0.255971220068,,1.85,-0.0250353403571,-0.096287236663,0.000161943319838,0.0110327290689,0
burst_len,burst_len/16.BDD,16,16,burst_len/24.BDD,24,24,8,50,1.85,0,5.81321393683,10.6647255798,74.9126666667,0,0.550577230973,,0,0.184470928948,-4.68699453909,0.00202429149798,0.00269759354871,0
burst_len,burst_len/16.BDD,16,16,burst_len/28.BDD,28,28,12,50,1.85,0,7.11462735226,35.111933086,10.1626666667,1,1.8126890137,10.1627..10.1627,0,0.404518394192,-3.68146327014,0.012955465587,-0.000747928240305,0
burst_len,burst_len/16.BDD,16,16,burst_len/32.BDD,32,32,16,50,1.85,0,4.09437706807,19.211131953,10.1626666667,0,0.991794093096,,1.85,0.129129650263,0.369913624396,0.00506072874494,0.0035767667505,0.0223892238794
burst_len,burst_len/18.BDD,18,18,burst_len/20.BDD,20,20,2,50,1.85,0,5.50255962188,11.751918176,91.5626666667,0,0.606704646976,,1.85,-0.321506476166,2.0610343949,-0.00080971659919,-0.00276661314806,0
burst_len,burst_len/18.BDD,18,18,burst_len/24.BDD,24,24,6,50,1.85,0,3.86947933505,8.64635008719,74.9126666667,0,0.446376557316,,0,-0.112000206861,-2.52967290752,0.00105263157895,-0.0111017486683,0
burst_len,burst_len/18.BDD,18,18,burst_len/28.BDD,28,28,10,50,1.85,0,5.30603615303,31.8430423425,10.1626666667,1,1.64392922702,10.1627..10.1627,0,0.108047258383,-1.52414163857,0.011983805668,-0.0145472704573,0
burst_len,burst_len/18.BDD,18,18,burst_len/32.BDD,32,32,14,50,1.85,0,5.73194263378,15.9422412095,10.1626666667,0,0.823034306414,,1.85,-0.167341485545,2.52723525596,0.00408906882591,-0.0102225754665,0.0223892238794
burst_len,burst_len/20.BDD,20,20,burst_len/24.BDD,24,24,4,50,1.85,0,6.75799892888,13.0024334269,32.3626666667,0,0.671263760002,,-1.85,0.209506269305,-4.59070730243,0.00186234817814,-0.00833513552019,0
burst_len,burst_len/20.BDD,20,20,burst_len/28.BDD,28,28,8,50,1.85,0,7.76435899936,32.8571053919,10.1626666667,1,1.69628125629,10.1627..10.1627,-1.85,0.429553734549,-3.58517603348,0.0127935222672,-0.0117806573092,0
burst_len,burst_len/20.BDD,20,20,burst_len/32.BDD,32,32,12,50,1.85,0,4.45354064908,16.956304259,10.1626666667,0,0.87538633569,,0,0.15416499062,0.466200861059,0.0048987854251,-0.00745596231841,0.0223892238794
burst_len,burst_len/24.BDD,24,24,burst_len/28.BDD,28,28,4,50,1.85,0,4.40883411945,25.7342875304,10.1626666667,1,1.32855858911,10.1627..10.1627,0,0.220047465244,1.00553126895,0.0109311740891,-0.00344552178902,0
burst_len,burst_len/24.BDD,24,24,burst_len/32.BDD,32,32,8,50,1.85,0,4.67746332148,11.3326421075,76.7626666667,0,0.585059096409,,1.85,-0.0553412786843,5.05690816348,0.00303643724696,0.000879173201786,0.0223892238794
burst_len,burst_len/28.BDD,28,28,burst_len/32.BDD,32,32,4,50,1.85,0,4.83006030921,16.6223459951,45.3126666667,0,0.858145402972,,1.85,-0.275388743929,4.05137689453,-0.00789473684211,0.0043246949908,0.0223892238794
