axis,relative_path,requested_label,key_name,key_value,gate_index,depth_mm,in_plan_window,profiles_window,mean_mm_s,robust_spread_mm_s,std_mm_s,rms_mm_s,zero_fraction,majority_blank
tgc,tgc/0.BDD,0,tgc_start_db,0.156862745098,0,10.1626666667,false,413,35.3941458505,25.2881972948,18.6435660444,40.0041012314,0.0266343825666,false
tgc,tgc/0.BDD,0,tgc_start_db,0.156862745098,1,12.0126666667,true,413,43.2491445259,28.9007969083,19.4260010205,47.4115810522,0.0121065375303,false
tgc,tgc/0.BDD,0,tgc_start_db,0.156862745098,2,13.8626666667,true,413,47.0658458125,28.9007969083,20.6823904721,51.4096792218,0.0217917675545,false
tgc,tgc/0.BDD,0,tgc_start_db,0.156862745098,3,15.7126666667,true,413,48.8269516774,30.1049967795,22.4445370652,53.7385192779,0.0266343825666,false
tgc,tgc/0.BDD,0,tgc_start_db,0.156862745098,4,17.5626666667,true,413,48.3750122584,30.1049967795,22.9600539911,53.5472304632,0.0387409200969,false
tgc,tgc/0.BDD,0,tgc_start_db,0.156862745098,5,19.4126666667,true,413,47.6052573771,31.3091966507,22.5595730296,52.6801183106,0.0242130750605,false
tgc,tgc/0.BDD,0,tgc_start_db,0.156862745098,6,21.2626666667,true,413,47.5935944243,31.3091966507,23.8334740156,53.2276686873,0.0266343825666,false
tgc,tgc/0.BDD,0,tgc_start_db,0.156862745098,7,23.1126666667,true,413,46.870491354,32.5133965218,24.5689245309,52.919514476,0.0387409200969,false
tgc,tgc/0.BDD,0,tgc_start_db,0.156862745098,8,24.9626666667,true,413,45.4417796424,37.3301960066,25.5630896658,52.1385355599,0.0556900726392,false
tgc,tgc/0.BDD,0,tgc_start_db,0.156862745098,9,26.8126666667,true,413,44.8965366015,33.717596393,24.9118247718,51.3448927574,0.046004842615,false
tgc,tgc/0.BDD,0,tgc_start_db,0.156862745098,10,28.6626666667,true,413,43.9984892399,33.717596393,24.5932890655,50.4053263302,0.043583535109,false
tgc,tgc/0.BDD,0,tgc_start_db,0.156862745098,11,30.5126666667,true,413,42.1528269676,31.3091966507,24.1988943082,48.605013189,0.0605326876513,false
tgc,tgc/0.BDD,0,tgc_start_db,0.156862745098,12,32.3626666667,true,413,41.9953771056,30.1049967795,23.538365217,48.1421471824,0.0508474576271,false
tgc,tgc/0.BDD,0,tgc_start_db,0.156862745098,13,34.2126666667,true,413,42.7797106778,33.717596393,23.8658587003,48.9865579234,0.046004842615,false
tgc,tgc/0.BDD,0,tgc_start_db,0.156862745098,14,36.0626666667,true,413,38.881368722,36.1259961354,26.1877206646,46.8781137344,0.108958837772,false
tgc,tgc/0.BDD,0,tgc_start_db,0.156862745098,15,37.9126666667,true,413,39.0592287514,32.5133965218,25.9616886083,46.9002412152,0.0653753026634,false
tgc,tgc/0.BDD,0,tgc_start_db,0.156862745098,16,39.7626666667,true,413,37.1581674535,34.9217962642,25.8643355969,45.2735382357,0.106537530266,false
tgc,tgc/0.BDD,0,tgc_start_db,0.156862745098,17,41.6126666667,true,413,35.5574271889,36.1259961354,26.9394337168,44.6101302092,0.0992736077482,false
tgc,tgc/0.BDD,0,tgc_start_db,0.156862745098,18,43.4626666667,true,413,34.3998791287,38.5343958777,26.9652593977,43.7090024875,0.0774818401937,false
tgc,tgc/0.BDD,0,tgc_start_db,0.156862745098,19,45.3126666667,true,413,34.8489028095,34.9217962642,26.8942060496,44.0198176514,0.108958837772,false
tgc,tgc/0.BDD,0,tgc_start_db,0.156862745098,20,47.1626666667,true,413,34.5340030853,40.9427956201,28.2151288451,44.5947403271,0.10411622276,false
tgc,tgc/0.BDD,0,tgc_start_db,0.156862745098,21,49.0126666667,true,413,33.5309891491,40.9427956201,26.9979653278,43.0490111983,0.138014527845,false
tgc,tgc/0.BDD,0,tgc_start_db,0.156862745098,22,50.8626666667,true,413,34.216187623,37.3301960066,26.5125477598,43.2858254416,0.123486682809,false
tgc,tgc/0.BDD,0,tgc_start_db,0.156862745098,23,52.7126666667,true,413,33.3064773087,42.1469954913,27.0039977306,42.8781683861,0.140435835351,false
tgc,tgc/0.BDD,0,tgc_start_db,0.156862745098,24,54.5626666667,true,413,31.3675114144,37.3301960066,27.1407065834,41.479377119,0.130750605327,false
tgc,tgc/0.BDD,0,tgc_start_db,0.156862745098,25,56.4126666667,true,413,26.7169090063,43.3511953624,25.7058397387,37.0753748939,0.191283292978,false
tgc,tgc/0.BDD,0,tgc_start_db,0.156862745098,26,58.2626666667,true,413,24.9499716651,40.9427956201,24.3795469247,34.883569117,0.193704600484,false
tgc,tgc/0.BDD,0,tgc_start_db,0.156862745098,27,60.1126666667,true,413,19.2876081062,34.9217962642,23.199664862,30.1701222431,0.220338983051,false
tgc,tgc/0.BDD,0,tgc_start_db,0.156862745098,28,61.9626666667,true,413,14.9344109932,30.1049967795,22.3030602241,26.8414442061,0.25181598063,false
tgc,tgc/0.BDD,0,tgc_start_db,0.156862745098,29,63.8126666667,true,413,10.3304603961,22.8797975524,20.622602926,23.0653455088,0.290556900726,false
tgc,tgc/0.BDD,0,tgc_start_db,0.156862745098,30,65.6626666667,true,413,8.07659477764,19.2671979389,19.2345093526,20.8613933676,0.319612590799,false
tgc,tgc/0.BDD,0,tgc_start_db,0.156862745098,31,67.5126666667,true,413,6.15803905068,18.0629980677,17.3238637741,18.3858016147,0.329297820823,false
tgc,tgc/0.BDD,0,tgc_start_db,0.156862745098,32,69.3626666667,true,413,6.52542206222,18.0629980677,15.7987717843,17.0933414809,0.19612590799,false
tgc,tgc/0.BDD,0,tgc_start_db,0.156862745098,33,71.2126666667,true,413,9.12334478673,20.47139781,15.8547124034,18.2922750223,0.234866828087,false
tgc,tgc/0.BDD,0,tgc_start_db,0.156862745098,34,73.0626666667,true,413,8.92215885184,15.6545983253,11.8870279701,14.8629187086,0.0556900726392,false
tgc,tgc/0.BDD,0,tgc_start_db,0.156862745098,35,74.9126666667,true,413,12.0157570681,21.6755976812,13.7326508004,18.2473043468,0.145278450363,false
tgc,tgc/0.BDD,0,tgc_start_db,0.156862745098,36,76.7626666667,true,413,16.5030781377,31.3091966507,17.9539078466,24.3863567387,0.399515738499,false
tgc,tgc/0.BDD,0,tgc_start_db,0.156862745098,37,78.6126666667,true,413,14.5961853635,28.9007969083,19.2182924026,24.1327866198,0.486682808717,false
tgc,tgc/0.BDD,0,tgc_start_db,0.156862745098,38,80.4626666667,true,413,16.6692752144,28.9007969083,17.5798891473,24.2263748548,0.331719128329,false
tgc,tgc/0.BDD,0,tgc_start_db,0.156862745098,39,82.3126666667,true,413,15.8295426165,31.3091966507,19.3738088254,25.0183710071,0.418886198547,false
tgc,tgc/0.BDD,0,tgc_start_db,0.156862745098,40,84.1626666667,true,413,11.01565887,25.2881972948,19.4612102379,22.3625455676,0.508474576271,true
tgc,tgc/0.BDD,0,tgc_start_db,0.156862745098,41,86.0126666667,true,413,5.57780715149,10.8377988406,19.2011213529,19.9948741889,0.547215496368,true
tgc,tgc/0.BDD,0,tgc_start_db,0.156862745098,42,87.8626666667,true,413,1.2887562786,2.40839974236,16.4686741719,16.5190230258,0.525423728814,true
tgc,tgc/0.BDD,0,tgc_start_db,0.156862745098,43,89.7126666667,true,413,-3.96248819596,4.81679948472,15.0237664789,15.5375310753,0.588377723971,true
tgc,tgc/0.BDD,0,tgc_start_db,0.156862745098,44,91.5626666667,true,413,-5.56322846056,8.42939909825,15.4366796475,16.4085523262,0.639225181598,true
tgc,tgc/0.BDD,0,tgc_start_db,0.156862745098,45,93.4126666667,true,413,-8.441062051,18.0629980677,15.6625541673,17.7923335061,0.64406779661,true
tgc,tgc/0.BDD,0,tgc_start_db,0.156862745098,46,95.2626666667,true,413,-7.72670619522,12.0419987118,16.0601686113,17.8222053756,0.697336561743,true
tgc,tgc/0.BDD,0,tgc_start_db,0.156862745098,47,97.1126666667,false,413,-6.99194017212,9.63359896943,14.0308193634,15.6764511092,0.697336561743,true
tgc,tgc/0.BDD,0,tgc_start_db,0.156862745098,48,98.9626666667,false,413,-5.79940325369,0,11.3472581347,12.7433647548,0.740920096852,true
tgc,tgc/0.BDD,0,tgc_start_db,0.156862745098,49,100.812666667,false,413,-2.76411980116,0,6.85769348565,7.39380268998,0.811138014528,true
tgc,tgc/5.BDD,5,tgc_start_db,4.86274509804,0,10.1626666667,false,413,33.5280734109,24.0839974236,19.3287647,38.7005536326,0.00242130750605,false
tgc,tgc/5.BDD,5,tgc_start_db,4.86274509804,1,12.0126666667,true,413,41.2052120569,28.9007969083,21.120525065,46.3027653567,0.00484261501211,false
tgc,tgc/5.BDD,5,tgc_start_db,4.86274509804,2,13.8626666667,true,413,45.0743966309,27.6965970371,22.4710337132,50.3651525142,0,false
tgc,tgc/5.BDD,5,tgc_start_db,4.86274509804,3,15.7126666667,true,413,46.7276201828,32.5133965218,23.4540591474,52.283490496,0.00242130750605,false
tgc,tgc/5.BDD,5,tgc_start_db,4.86274509804,4,17.5626666667,true,413,47.4682176823,26.4923971659,23.0788540457,52.7812958726,0.00726392251816,false
tgc,tgc/5.BDD,5,tgc_start_db,4.86274509804,5,19.4126666667,true,413,49.1272727106,28.9007969083,22.0525735439,53.8498368047,0.00484261501211,false
tgc,tgc/5.BDD,5,tgc_start_db,4.86274509804,6,21.2626666667,true,413,47.9843033414,26.4923971659,20.303170836,52.1028992778,0.00484261501211,false
tgc,tgc/5.BDD,5,tgc_start_db,4.86274509804,7,23.1126666667,true,413,47.5352796606,26.4923971659,20.9114035158,51.931585855,0.00242130750605,false
tgc,tgc/5.BDD,5,tgc_start_db,4.86274509804,8,24.9626666667,true,413,45.2551723985,25.2881972948,20.5775924949,49.7138606598,0,false
tgc,tgc/5.BDD,5,tgc_start_db,4.86274509804,9,26.8126666667,true,413,41.5521849011,25.2881972948,19.8973738147,46.070484638,0.00968523002421,false
tgc,tgc/5.BDD,5,tgc_start_db,4.86274509804,10,28.6626666667,true,413,39.9660233275,27.6965970371,21.9576636869,45.6006799862,0.00726392251816,false
tgc,tgc/5.BDD,5,tgc_start_db,4.86274509804,11,30.5126666667,true,413,37.2922914101,28.9007969083,23.618862269,44.142560568,0.00726392251816,false
tgc,tgc/5.BDD,5,tgc_start_db,4.86274509804,12,32.3626666667,true,413,36.5341994815,27.6965970371,21.0450953416,42.1621129652,0.0121065375303,false
tgc,tgc/5.BDD,5,tgc_start_db,4.86274509804,13,34.2126666667,true,413,36.0210295606,22.8797975524,19.7915351136,41.1001147536,0.00726392251816,false
tgc,tgc/5.BDD,5,tgc_start_db,4.86274509804,14,36.0626666667,true,413,35.621573429,26.4923971659,21.8257671081,41.7763162978,0.0121065375303,false
tgc,tgc/5.BDD,5,tgc_start_db,4.86274509804,15,37.9126666667,true,413,35.0471730062,26.4923971659,22.5746426687,41.6883536176,0.00968523002421,false
tgc,tgc/5.BDD,5,tgc_start_db,4.86274509804,16,39.7626666667,true,413,35.1288136755,28.9007969083,22.6886933773,41.8187799608,0.00968523002421,false
tgc,tgc/5.BDD,5,tgc_start_db,4.86274509804,17,41.6126666667,true,413,34.6739585183,27.6965970371,22.1526996105,41.1463910855,0.00242130750605,false
tgc,tgc/5.BDD,5,tgc_start_db,4.86274509804,18,43.4626666667,true,413,35.7352872183,27.6965970371,21.9539259374,41.940262477,0.00726392251816,false
tgc,tgc/5.BDD,5,tgc_start_db,4.86274509804,19,45.3126666667,true,413,33.8225629677,31.3091966507,23.193003301,41.0107445412,0.0217917675545,false
tgc,tgc/5.BDD,5,tgc_start_db,4.86274509804,20,47.1626666667,true,413,32.5250594746,30.1049967795,22.1700050744,39.3622740555,0.0145278450363,false
tgc,tgc/5.BDD,5,tgc_start_db,4.86274509804,21,49.0126666667,true,413,29.8280016517,30.1049967795,22.4208102797,37.3149087649,0.00968523002421,false
tgc,tgc/5.BDD,5,tgc_start_db,4.86274509804,22,50.8626666667,true,413,27.6878498226,32.5133965218,23.3362365833,36.2104538175,0.0145278450363,false
tgc,tgc/5.BDD,5,tgc_start_db,4.86274509804,23,52.7126666667,true,413,24.8566680431,28.9007969083,23.3595448937,34.1104424458,0.0314769975787,false
tgc,tgc/5.BDD,5,tgc_start_db,4.86274509804,24,54.5626666667,true,413,23.3871359969,28.9007969083,24.3101223617,33.7333689302,0.0217917675545,false
tgc,tgc/5.BDD,5,tgc_start_db,4.86274509804,25,56.4126666667,true,413,19.1680628405,34.9217962642,24.2485535751,30.9096584184,0.046004842615,false
tgc,tgc/5.BDD,5,tgc_start_db,4.86274509804,26,58.2626666667,true,413,16.2639876064,31.3091966507,24.2672277248,29.2132783903,0.0193704600484,false
tgc,tgc/5.BDD,5,tgc_start_db,4.86274509804,27,60.1126666667,true,413,11.6921101294,30.1049967795,23.4230516808,26.1790906893,0.0338983050847,false
tgc,tgc/5.BDD,5,tgc_start_db,4.86274509804,28,61.9626666667,true,413,7.72379045703,32.5133965218,23.427178486,24.6675825901,0.0484261501211,false
tgc,tgc/5.BDD,5,tgc_start_db,4.86274509804,29,63.8126666667,true,413,4.75556898279,36.1259961354,22.3374045969,22.8380183132,0.0266343825666,false
tgc,tgc/5.BDD,5,tgc_start_db,4.86274509804,30,65.6626666667,true,413,4.84595686659,34.9217962642,21.9332237859,22.4621816304,0.0556900726392,false
tgc,tgc/5.BDD,5,tgc_start_db,4.86274509804,31,67.5126666667,true,413,6.5983155169,31.3091966507,20.0754949728,21.1320435846,0.0508474576271,false
tgc,tgc/5.BDD,5,tgc_start_db,4.86274509804,32,69.3626666667,true,413,6.71786078256,21.6755976812,15.7798877889,17.1503502042,0.0266343825666,false
tgc,tgc/5.BDD,5,tgc_start_db,4.86274509804,33,71.2126666667,true,413,12.0390829736,21.6755976812,15.9115415376,19.9528612722,0.043583535109,false
tgc,tgc/5.BDD,5,tgc_start_db,4.86274509804,34,73.0626666667,true,413,10.3187974433,16.8587981965,12.5095410263,16.2162325268,0.0411622276029,false
tgc,tgc/5.BDD,5,tgc_start_db,4.86274509804,35,74.9126666667,true,413,14.7069834146,18.0629980677,13.2671553598,19.8068869967,0.0290556900726,false
tgc,tgc/5.BDD,5,tgc_start_db,4.86274509804,36,76.7626666667,true,413,24.1714695692,21.6755976812,18.43822644,30.4011206272,0.0532687651332,false
tgc,tgc/5.BDD,5,tgc_start_db,4.86274509804,37,78.6126666667,true,413,23.6932885065,24.0839974236,20.1962864998,31.1329714071,0.0750605326877,false
tgc,tgc/5.BDD,5,tgc_start_db,4.86274509804,38,80.4626666667,true,413,17.3836310701,25.2881972948,19.7954986392,26.34487418,0.0484261501211,false
tgc,tgc/5.BDD,5,tgc_start_db,4.86274509804,39,82.3126666667,true,413,15.0597877352,32.5133965218,24.7038687776,28.9323061509,0.043583535109,false
tgc,tgc/5.BDD,5,tgc_start_db,4.86274509804,40,84.1626666667,true,413,7.61299240593,43.3511953624,27.0712207756,28.121320162,0.0532687651332,false
tgc,tgc/5.BDD,5,tgc_start_db,4.86274509804,41,86.0126666667,true,413,-3.34726743853,39.7385957489,26.2889021767,26.5011429369,0.0677966101695,false
tgc,tgc/5.BDD,5,tgc_start_db,4.86274509804,42,87.8626666667,true,413,-10.4791630436,32.5133965218,23.8191308555,26.0223721595,0.0581113801453,false
tgc,tgc/5.BDD,5,tgc_start_db,4.86274509804,43,89.7126666667,true,413,-16.0773803624,31.3091966507,22.0117107476,27.2579817549,0.0702179176755,false
tgc,tgc/5.BDD,5,tgc_start_db,4.86274509804,44,91.5626666667,true,413,-21.9730029763,31.3091966507,21.8335097421,30.9760392474,0.0944309927361,false
tgc,tgc/5.BDD,5,tgc_start_db,4.86274509804,45,93.4126666667,true,413,-23.1480454656,25.2881972948,19.2602267927,30.112926543,0.09200968523,false
tgc,tgc/5.BDD,5,tgc_start_db,4.86274509804,46,95.2626666667,true,413,-23.7574347467,22.8797975524,16.9097079175,29.1608286507,0.0871670702179,false
tgc,tgc/5.BDD,5,tgc_start_db,4.86274509804,47,97.1126666667,false,413,-22.4774256826,18.0629980677,16.1603704644,27.6837901824,0.0968523002421,false
tgc,tgc/5.BDD,5,tgc_start_db,4.86274509804,48,98.9626666667,false,413,-18.9814555966,16.8587981965,13.7617597698,23.4452913935,0.157384987893,false
tgc,tgc/5.BDD,5,tgc_start_db,4.86274509804,49,100.812666667,false,413,-12.3131623632,19.2671979389,10.1015201388,15.9265400039,0.215496368039,false
tgc,tgc/10.BDD,10,tgc_start_db,9.88235294118,0,10.1626666667,false,413,34.5194243944,24.0839974236,18.2028869472,39.0248094644,0.00484261501211,false
tgc,tgc/10.BDD,10,tgc_start_db,9.88235294118,1,12.0126666667,true,413,41.9108206981,27.6965970371,20.0320771059,46.4521367083,0.00242130750605,false
tgc,tgc/10.BDD,10,tgc_start_db,9.88235294118,2,13.8626666667,true,413,44.8702949578,28.9007969083,20.9709899835,49.5290398705,0,false
tgc,tgc/10.BDD,10,tgc_start_db,9.88235294118,3,15.7126666667,true,413,46.2261132147,33.717596393,23.033585752,51.6468742087,0,false
tgc,tgc/10.BDD,10,tgc_start_db,9.88235294118,4,17.5626666667,true,413,46.65181099,34.9217962642,22.7018809757,51.8822403957,0,false
tgc,tgc/10.BDD,10,tgc_start_db,9.88235294118,5,19.4126666667,true,413,45.8179098685,34.9217962642,24.5057853837,51.9597380863,0,false
tgc,tgc/10.BDD,10,tgc_start_db,9.88235294118,6,21.2626666667,true,413,46.1590512364,33.717596393,24.7687591336,52.3846298074,0,false
tgc,tgc/10.BDD,10,tgc_start_db,9.88235294118,7,23.1126666667,true,413,47.6548249263,33.717596393,24.1934531719,53.4444151912,0.00242130750605,false
tgc,tgc/10.BDD,10,tgc_start_db,9.88235294118,8,24.9626666667,true,413,47.9668089123,32.5133965218,23.2310166058,53.2962933961,0.00484261501211,false
tgc,tgc/10.BDD,10,tgc_start_db,9.88235294118,9,26.8126666667,true,413,46.3923102914,30.1049967795,22.4143758046,51.5233024648,0,false
tgc,tgc/10.BDD,10,tgc_start_db,9.88235294118,10,28.6626666667,true,413,46.5905804881,27.6965970371,21.5391269564,51.3285123519,0,false
tgc,tgc/10.BDD,10,tgc_start_db,9.88235294118,11,30.5126666667,true,413,45.231846493,25.2881972948,19.3115822606,49.1818782335,0.00484261501211,false
tgc,tgc/10.BDD,10,tgc_start_db,9.88235294118,12,32.3626666667,true,413,44.4795860408,22.8797975524,18.9536062146,48.3494856528,0,false
tgc,tgc/10.BDD,10,tgc_start_db,9.88235294118,13,34.2126666667,true,413,43.4882350572,21.6755976812,18.5451107646,47.277348928,0.00242130750605,false
tgc,tgc/10.BDD,10,tgc_start_db,9.88235294118,14,36.0626666667,true,413,42.6310080303,26.4923971659,19.5509670799,46.9003535108,0,false
tgc,tgc/10.BDD,10,tgc_start_db,9.88235294118,15,37.9126666667,true,413,40.5258450594,26.4923971659,20.037717805,45.2090063218,0,false
tgc,tgc/10.BDD,10,tgc_start_db,9.88235294118,16,39.7626666667,true,413,39.5024209558,27.6965970371,21.8251703583,45.1306915805,0.00484261501211,false
tgc,tgc/10.BDD,10,tgc_start_db,9.88235294118,17,41.6126666667,true,413,38.6393624525,30.1049967795,24.5357000135,45.7711798612,0.00726392251816,false
tgc,tgc/10.BDD,10,tgc_start_db,9.88235294118,18,43.4626666667,true,413,38.0649620296,36.1259961354,27.7598620494,47.1121138915,0.00242130750605,false
tgc,tgc/10.BDD,10,tgc_start_db,9.88235294118,19,45.3126666667,true,413,38.0795407206,40.9427956201,29.3020282816,48.0485200907,0.00242130750605,false
tgc,tgc/10.BDD,10,tgc_start_db,9.88235294118,20,47.1626666667,true,413,38.3302942046,39.7385957489,28.4408318764,47.7293659254,0.0121065375303,false
tgc,tgc/10.BDD,10,tgc_start_db,9.88235294118,21,49.0126666667,true,413,37.3039543629,39.7385957489,28.6645558281,47.0451035914,0.00968523002421,false
tgc,tgc/10.BDD,10,tgc_start_db,9.88235294118,22,50.8626666667,true,413,36.8782565876,39.7385957489,27.6535772846,46.0947518225,0.00726392251816,false
tgc,tgc/10.BDD,10,tgc_start_db,9.88235294118,23,52.7126666667,true,413,36.4904634087,33.717596393,26.6312707468,45.1749764955,0.00484261501211,false
tgc,tgc/10.BDD,10,tgc_start_db,9.88235294118,24,54.5626666667,true,413,35.2571061557,32.5133965218,26.3330751862,44.0056176327,0.00726392251816,false
tgc,tgc/10.BDD,10,tgc_start_db,9.88235294118,25,56.4126666667,true,413,33.2598254977,28.9007969083,25.3254023192,41.8042102517,0.00242130750605,false
tgc,tgc/10.BDD,10,tgc_start_db,9.88235294118,26,58.2626666667,true,413,29.1486346542,26.4923971659,24.4715521104,38.0591613793,0.00484261501211,false
tgc,tgc/10.BDD,10,tgc_start_db,9.88235294118,27,60.1126666667,true,413,23.1801185857,28.9007969083,24.3791071903,33.6401362221,0.00484261501211,false
tgc,tgc/10.BDD,10,tgc_start_db,9.88235294118,28,61.9626666667,true,413,18.6111568468,30.1049967795,23.8521313237,30.2539142568,0.0169491525424,false
tgc,tgc/10.BDD,10,tgc_start_db,9.88235294118,29,63.8126666667,true,413,14.9839785423,30.1049967795,21.5562024811,26.2524185241,0.0145278450363,false
tgc,tgc/10.BDD,10,tgc_start_db,9.88235294118,30,65.6626666667,true,413,11.3801261434,34.9217962642,21.6078005593,24.4213905429,0.00726392251816,false
tgc,tgc/10.BDD,10,tgc_start_db,9.88235294118,31,67.5126666667,true,413,10.0301393628,28.9007969083,19.9395019394,22.3201127512,0.0217917675545,false
tgc,tgc/10.BDD,10,tgc_start_db,9.88235294118,32,69.3626666667,true,413,8.67432110595,25.2881972948,18.0868830925,20.0593914825,0.0290556900726,false
tgc,tgc/10.BDD,10,tgc_start_db,9.88235294118,33,71.2126666667,true,413,11.5579861728,25.2881972948,18.5219628532,21.832318986,0.00968523002421,false
tgc,tgc/10.BDD,10,tgc_start_db,9.88235294118,34,73.0626666667,true,413,8.88133851722,18.0629980677,14.397188871,16.9161822302,0.0363196125908,false
tgc,tgc/10.BDD,10,tgc_start_db,9.88235294118,35,74.9126666667,true,413,11.686278653,20.47139781,16.959502888,20.5959667645,0.0242130750605,false
tgc,tgc/10.BDD,10,tgc_start_db,9.88235294118,36,76.7626666667,true,413,21.3052989315,25.2881972948,21.6149258941,30.3499717292,0.00968523002421,false
tgc,tgc/10.BDD,10,tgc_start_db,9.88235294118,37,78.6126666667,true,413,23.9090531324,26.4923971659,22.7164149806,32.9799686364,0.0121065375303,false
tgc,tgc/10.BDD,10,tgc_start_db,9.88235294118,38,80.4626666667,true,413,21.7776485178,26.4923971659,21.509251003,30.6090485588,0.00484261501211,false
tgc,tgc/10.BDD,10,tgc_start_db,9.88235294118,39,82.3126666667,true,413,21.7922272087,34.9217962642,25.324903812,33.4103564752,0.0121065375303,false
tgc,tgc/10.BDD,10,tgc_start_db,9.88235294118,40,84.1626666667,true,413,16.742168669,43.3511953624,29.3778427326,33.813575016,0.0169491525424,false
tgc,tgc/10.BDD,10,tgc_start_db,9.88235294118,41,86.0126666667,true,413,8.9309060664,50.5763945895,31.7636894127,32.9953488885,0.00484261501211,false
tgc,tgc/10.BDD,10,tgc_start_db,9.88235294118,42,87.8626666667,true,413,0.274079389566,49.3721947183,29.5585026309,29.5597732957,0.00968523002421,false
tgc,tgc/10.BDD,10,tgc_start_db,9.88235294118,43,89.7126666667,true,413,-7.48469992571,44.5553952336,28.3106409649,29.2833250302,0.0121065375303,false
tgc,tgc/10.BDD,10,tgc_start_db,9.88235294118,44,91.5626666667,true,413,-14.1384144682,40.9427956201,26.545442201,30.0758252641,0.0121065375303,false
tgc,tgc/10.BDD,10,tgc_start_db,9.88235294118,45,93.4126666667,true,413,-18.9406352619,34.9217962642,22.7792620133,29.6250306666,0.0169491525424,false
tgc,tgc/10.BDD,10,tgc_start_db,9.88235294118,46,95.2626666667,true,413,-20.1390036567,27.6965970371,20.6564425955,28.8490569861,0.0145278450363,false
tgc,tgc/10.BDD,10,tgc_start_db,9.88235294118,47,97.1126666667,false,413,-20.5676171702,24.0839974236,18.7794129375,27.8512697437,0.0121065375303,false
tgc,tgc/10.BDD,10,tgc_start_db,9.88235294118,48,98.9626666667,false,413,-18.7511122798,18.0629980677,15.8569595197,24.5570229657,0.00726392251816,false
tgc,tgc/10.BDD,10,tgc_start_db,9.88235294118,49,100.812666667,false,413,-13.3045133467,10.8377988406,10.0975174955,16.702393091,0.0121065375303,false
tgc,tgc/15.BDD,15,tgc_start_db,14.9019607843,0,10.1626666667,false,413,40.8815651182,24.0839974236,17.7075648753,44.5517701144,0.00242130750605,false
tgc,tgc/15.BDD,15,tgc_start_db,14.9019607843,1,12.0126666667,true,413,46.1473882837,22.8797975524,17.9470821831,49.5144343024,0,false
tgc,tgc/15.BDD,15,tgc_start_db,14.9019607843,2,13.8626666667,true,413,50.5035011348,26.4923971659,18.7877426681,53.8849042074,0.00242130750605,false
tgc,tgc/15.BDD,15,tgc_start_db,14.9019607843,3,15.7126666667,true,413,52.0605053266,24.0839974236,17.8748948462,55.0436924691,0,false
tgc,tgc/15.BDD,15,tgc_start_db,14.9019607843,4,17.5626666667,true,413,52.4832873637,27.6965970371,18.9508277284,55.7999043377,0,false
tgc,tgc/15.BDD,15,tgc_start_db,14.9019607843,5,19.4126666667,true,413,53.3405143907,27.6965970371,19.3622680487,56.7459945675,0,false
tgc,tgc/15.BDD,15,tgc_start_db,14.9019607843,6,21.2626666667,true,413,51.5298409766,31.3091966507,21.04088639,55.6600701684,0,false
tgc,tgc/15.BDD,15,tgc_start_db,14.9019607843,7,23.1126666667,true,413,49.6462741079,26.4923971659,20.2487283771,53.6168213687,0.00242130750605,false
tgc,tgc/15.BDD,15,tgc_start_db,14.9019607843,8,24.9626666667,true,413,48.1679948472,24.0839974236,18.9570919791,51.7641484418,0,false
tgc,tgc/15.BDD,15,tgc_start_db,14.9019607843,9,26.8126666667,true,413,46.8763228304,30.1049967795,19.9889749338,50.9602664926,0,false
tgc,tgc/15.BDD,15,tgc_start_db,14.9019607843,10,28.6626666667,true,413,45.575903599,31.3091966507,22.6179071602,50.8795903401,0,false
tgc,tgc/15.BDD,15,tgc_start_db,14.9019607843,11,30.5126666667,true,413,43.983910549,32.5133965218,22.5664336342,49.4350919302,0,false
tgc,tgc/15.BDD,15,tgc_start_db,14.9019607843,12,32.3626666667,true,413,42.5843562193,30.1049967795,20.6172245113,47.3127608702,0,false
tgc,tgc/15.BDD,15,tgc_start_db,14.9019607843,13,34.2126666667,true,413,38.6422781906,27.6965970371,19.6672110572,43.3592533899,0,false
tgc,tgc/15.BDD,15,tgc_start_db,14.9019607843,14,36.0626666667,true,413,37.1319258098,21.6755976812,19.5914695447,41.9833966381,0.00726392251816,false
tgc,tgc/15.BDD,15,tgc_start_db,14.9019607843,15,37.9126666667,true,413,34.5252558708,27.6965970371,20.1866087564,39.9936553222,0.00484261501211,false
tgc,tgc/15.BDD,15,tgc_start_db,14.9019607843,16,39.7626666667,true,413,33.5805566982,24.0839974236,19.4017316019,38.7824828668,0,false
tgc,tgc/15.BDD,15,tgc_start_db,14.9019607843,17,41.6126666667,true,413,31.7115685204,26.4923971659,20.8798896335,37.9683205994,0.00726392251816,false
tgc,tgc/15.BDD,15,tgc_start_db,14.9019607843,18,43.4626666667,true,413,31.7611360696,30.1049967795,21.7748963695,38.5086467736,0.00242130750605,false
tgc,tgc/15.BDD,15,tgc_start_db,14.9019607843,19,45.3126666667,true,413,33.9479397098,31.3091966507,22.1079887163,40.5120448215,0.00242130750605,false
tgc,tgc/15.BDD,15,tgc_start_db,14.9019607843,20,47.1626666667,true,413,36.4350643832,32.5133965218,22.0788189956,42.602677907,0.00726392251816,false
tgc,tgc/15.BDD,15,tgc_start_db,14.9019607843,21,49.0126666667,true,413,38.3186312519,27.6965970371,22.5391699219,44.4559521525,0.00484261501211,false
tgc,tgc/15.BDD,15,tgc_start_db,14.9019607843,22,50.8626666667,true,413,38.0008157895,27.6965970371,21.1048529962,43.4681126881,0.0121065375303,false
tgc,tgc/15.BDD,15,tgc_start_db,14.9019607843,23,52.7126666667,true,413,36.245541401,28.9007969083,21.3466137132,42.0644409029,0.00726392251816,false
tgc,tgc/15.BDD,15,tgc_start_db,14.9019607843,24,54.5626666667,true,413,33.0178192282,27.6965970371,21.605549924,39.4585374045,0.00726392251816,false
tgc,tgc/15.BDD,15,tgc_start_db,14.9019607843,25,56.4126666667,true,413,29.723035077,26.4923971659,21.6161848668,36.752119155,0.00242130750605,false
tgc,tgc/15.BDD,15,tgc_start_db,14.9019607843,26,58.2626666667,true,413,24.9412244505,24.0839974236,22.0020278242,33.2588921263,0.00242130750605,false
tgc,tgc/15.BDD,15,tgc_start_db,14.9019607843,27,60.1126666667,true,413,18.5528420831,24.0839974236,20.3681140289,27.551189057,0.00726392251816,false
tgc,tgc/15.BDD,15,tgc_start_db,14.9019607843,28,61.9626666667,true,413,13.8730822931,26.4923971659,20.1392309792,24.4550820229,0.00968523002421,false
tgc,tgc/15.BDD,15,tgc_start_db,14.9019607843,29,63.8126666667,true,413,8.87550704085,27.6965970371,19.3659269719,21.3029047952,0.0121065375303,false
tgc,tgc/15.BDD,15,tgc_start_db,14.9019607843,30,65.6626666667,true,413,6.5079276331,28.9007969083,18.8138869027,19.9076734569,0.0193704600484,false
tgc,tgc/15.BDD,15,tgc_start_db,14.9019607843,31,67.5126666667,true,413,7.18729463065,24.0839974236,16.644861681,18.1303233421,0.0266343825666,false
tgc,tgc/15.BDD,15,tgc_start_db,14.9019607843,32,69.3626666667,true,413,8.92215885184,18.0629980677,14.3672850487,16.9122381206,0.0217917675545,false
tgc,tgc/15.BDD,15,tgc_start_db,14.9019607843,33,71.2126666667,true,413,13.6369075,18.0629980677,13.8674623227,19.4492096866,0.0121065375303,false
tgc,tgc/15.BDD,15,tgc_start_db,14.9019607843,34,73.0626666667,true,413,13.0100237898,15.6545983253,11.7765268491,17.5484273836,0.0121065375303,false
tgc,tgc/15.BDD,15,tgc_start_db,14.9019607843,35,74.9126666667,true,413,17.1299618479,16.8587981965,13.7787557187,21.983850938,0.0314769975787,false
tgc,tgc/15.BDD,15,tgc_start_db,14.9019607843,36,76.7626666667,true,413,32.1314348194,19.2671979389,15.7409852,35.7799904782,0.00726392251816,false
tgc,tgc/15.BDD,15,tgc_start_db,14.9019607843,37,78.6126666667,true,413,36.790784442,20.47139781,16.1308213033,40.1716967002,0.00242130750605,false
tgc,tgc/15.BDD,15,tgc_start_db,14.9019607843,38,80.4626666667,true,413,31.9827321718,21.6755976812,15.9963599266,35.7600152136,0,false
tgc,tgc/15.BDD,15,tgc_start_db,14.9019607843,39,82.3126666667,true,413,30.2157948306,25.2881972948,19.8988973973,36.1795574167,0.0121065375303,false
tgc,tgc/15.BDD,15,tgc_start_db,14.9019607843,40,84.1626666667,true,413,23.7865921285,31.3091966507,22.819854991,32.9628237094,0.00484261501211,false
tgc,tgc/15.BDD,15,tgc_start_db,14.9019607843,41,86.0126666667,true,413,14.0626052753,37.3301960066,25.8778799542,29.4520209503,0.0145278450363,false
tgc,tgc/15.BDD,15,tgc_start_db,14.9019607843,42,87.8626666667,true,413,0.408203346162,38.5343958777,25.974059886,25.9772673107,0.0121065375303,false
tgc,tgc/15.BDD,15,tgc_start_db,14.9019607843,43,89.7126666667,true,413,-11.5900592928,34.9217962642,24.6825113159,27.2682203172,0.00968523002421,false
tgc,tgc/15.BDD,15,tgc_start_db,14.9019607843,44,91.5626666667,true,413,-22.124621362,28.9007969083,21.4540499236,30.8184219021,0.00726392251816,false
tgc,tgc/15.BDD,15,tgc_start_db,14.9019607843,45,93.4126666667,true,413,-24.6146617736,24.0839974236,19.3451997445,31.3068415428,0.00726392251816,false
tgc,tgc/15.BDD,15,tgc_start_db,14.9019607843,46,95.2626666667,true,413,-27.1717641635,19.2671979389,17.3204076317,32.2226828226,0.00242130750605,false
tgc,tgc/15.BDD,15,tgc_start_db,14.9019607843,47,97.1126666667,false,413,-27.1076179234,16.8587981965,14.1057796445,30.5580753461,0,false
tgc,tgc/15.BDD,15,tgc_start_db,14.9019607843,48,98.9626666667,false,413,-23.2646749931,14.4503984541,11.953003885,26.1556763324,0,false
tgc,tgc/15.BDD,15,tgc_start_db,14.9019607843,49,100.812666667,false,413,-15.4067605794,9.63359896943,9.14397902428,17.9159321262,0.00726392251816,false
tgc,tgc/25.BDD,25,tgc_start_db,24.9411764706,0,10.1626666667,false,413,30.5102843875,25.2881972948,19.1509666133,36.0227285977,0.00484261501211,false
tgc,tgc/25.BDD,25,tgc_start_db,24.9411764706,1,12.0126666667,true,413,45.0977225364,26.4923971659,22.9431832573,50.5983619888,0.00242130750605,false
tgc,tgc/25.BDD,25,tgc_start_db,24.9411764706,2,13.8626666667,true,413,48.9231710376,30.1049967795,24.1922615522,54.577854331,0.00484261501211,false
tgc,tgc/25.BDD,25,tgc_start_db,24.9411764706,3,15.7126666667,true,413,50.4889224439,30.1049967795,25.2704759504,56.4599702826,0.00242130750605,false
tgc,tgc/25.BDD,25,tgc_start_db,24.9411764706,4,17.5626666667,true,413,50.506416873,31.3091966507,24.9458215808,56.3310940751,0.00242130750605,false
tgc,tgc/25.BDD,25,tgc_start_db,24.9411764706,5,19.4126666667,true,413,48.3604335675,32.5133965218,24.2588502474,54.1038201069,0.00484261501211,false
tgc,tgc/25.BDD,25,tgc_start_db,24.9411764706,6,21.2626666667,true,413,48.8794349648,28.9007969083,22.21998542,53.6928944511,0.00242130750605,false
tgc,tgc/25.BDD,25,tgc_start_db,24.9411764706,7,23.1126666667,true,413,49.2089133799,28.9007969083,21.7563110931,53.8038495687,0,false
tgc,tgc/25.BDD,25,tgc_start_db,24.9411764706,8,24.9626666667,true,413,48.1271745125,28.9007969083,22.2221722958,53.0099034908,0,false
tgc,tgc/25.BDD,25,tgc_start_db,24.9411764706,9,26.8126666667,true,413,46.9492162851,26.4923971659,22.0133733944,51.8538090981,0.0121065375303,false
tgc,tgc/25.BDD,25,tgc_start_db,24.9411764706,10,28.6626666667,true,413,45.4184537369,28.9007969083,22.6935722396,50.7723759622,0.00242130750605,false
tgc,tgc/25.BDD,25,tgc_start_db,24.9411764706,11,30.5126666667,true,413,43.4561619372,31.3091966507,22.6735278117,49.015577868,0,false
tgc,tgc/25.BDD,25,tgc_start_db,24.9411764706,12,32.3626666667,true,413,41.8291800289,30.1049967795,21.2028082437,46.8960486535,0.00242130750605,false
tgc,tgc/25.BDD,25,tgc_start_db,24.9411764706,13,34.2126666667,true,413,38.6218680233,28.9007969083,19.9095976415,43.4515910855,0,false
tgc,tgc/25.BDD,25,tgc_start_db,24.9411764706,14,36.0626666667,true,413,36.1347433499,31.3091966507,20.7894843975,41.6883957293,0,false
tgc,tgc/25.BDD,25,tgc_start_db,24.9411764706,15,37.9126666667,true,413,33.8342259205,26.4923971659,20.5047409286,39.5625990575,0.00484261501211,false
tgc,tgc/25.BDD,25,tgc_start_db,24.9411764706,16,39.7626666667,true,413,33.904203637,26.4923971659,21.3183989665,40.0495837525,0.00726392251816,false
tgc,tgc/25.BDD,25,tgc_start_db,24.9411764706,17,41.6126666667,true,413,33.2190051631,25.2881972948,21.3575710507,39.4923808501,0.00242130750605,false
tgc,tgc/25.BDD,25,tgc_start_db,24.9411764706,18,43.4626666667,true,413,31.7319786878,26.4923971659,22.2125769071,38.73392627,0.00484261501211,false
tgc,tgc/25.BDD,25,tgc_start_db,24.9411764706,19,45.3126666667,true,413,30.6473240822,27.6965970371,23.5209644743,38.6328130377,0.00726392251816,false
tgc,tgc/25.BDD,25,tgc_start_db,24.9411764706,20,47.1626666667,true,413,30.3120141907,27.6965970371,23.1337299025,38.1311901664,0.00968523002421,false
tgc,tgc/25.BDD,25,tgc_start_db,24.9411764706,21,49.0126666667,true,413,30.174974496,27.6965970371,23.2087228498,38.0680167877,0.0145278450363,false
tgc,tgc/25.BDD,25,tgc_start_db,24.9411764706,22,50.8626666667,true,413,30.6502398204,31.3091966507,22.7168049417,38.1508902623,0.00726392251816,false
tgc,tgc/25.BDD,25,tgc_start_db,24.9411764706,23,52.7126666667,true,413,30.798942468,32.5133965218,21.8124360679,37.7406574447,0.0121065375303,false
tgc,tgc/25.BDD,25,tgc_start_db,24.9411764706,24,54.5626666667,true,413,30.9680552828,31.3091966507,21.6838456037,37.8048886807,0.00484261501211,false
tgc,tgc/25.BDD,25,tgc_start_db,24.9411764706,25,56.4126666667,true,413,29.3410733745,28.9007969083,20.9426783733,36.048500166,0.00968523002421,false
tgc,tgc/25.BDD,25,tgc_start_db,24.9411764706,26,58.2626666667,true,413,28.2709974599,26.4923971659,21.3660221176,35.4366504979,0.00726392251816,false
tgc,tgc/25.BDD,25,tgc_start_db,24.9411764706,27,60.1126666667,true,413,25.3815009167,32.5133965218,22.2450703009,33.7500183923,0.00968523002421,false
tgc,tgc/25.BDD,25,tgc_start_db,24.9411764706,28,61.9626666667,true,413,24.1656380928,25.2881972948,20.8571938123,31.9217887681,0.00726392251816,false
tgc,tgc/25.BDD,25,tgc_start_db,24.9411764706,29,63.8126666667,true,413,20.5676171702,21.6755976812,19.9851578292,28.678099824,0.00726392251816,false
tgc,tgc/25.BDD,25,tgc_start_db,24.9411764706,30,65.6626666667,true,413,17.2290969462,24.0839974236,19.4292462625,25.9680070839,0.00968523002421,false
tgc,tgc/25.BDD,25,tgc_start_db,24.9411764706,31,67.5126666667,true,413,13.3220077758,20.47139781,16.8329911553,21.4668461218,0.0266343825666,false
tgc,tgc/25.BDD,25,tgc_start_db,24.9411764706,32,69.3626666667,true,413,9.68025078042,19.2671979389,17.9121474022,20.3605569602,0.0169491525424,false
tgc,tgc/25.BDD,25,tgc_start_db,24.9411764706,33,71.2126666667,true,413,12.3335725305,20.47139781,15.8915354721,20.1161107331,0.0145278450363,false
tgc,tgc/25.BDD,25,tgc_start_db,24.9411764706,34,73.0626666667,true,413,8.49062960018,13.246198583,10.5712845435,13.5588660259,0.043583535109,false
tgc,tgc/25.BDD,25,tgc_start_db,24.9411764706,35,74.9126666667,true,413,12.2810892431,15.6545983253,12.9346214531,17.8361875167,0.0145278450363,false
tgc,tgc/25.BDD,25,tgc_start_db,24.9411764706,36,76.7626666667,true,413,23.4162933788,19.2671979389,16.5086073262,28.6506005426,0.0121065375303,false
tgc,tgc/25.BDD,25,tgc_start_db,24.9411764706,37,78.6126666667,true,413,28.4371945366,20.47139781,17.3922470393,33.33413101,0.00726392251816,false
tgc,tgc/25.BDD,25,tgc_start_db,24.9411764706,38,80.4626666667,true,413,25.8363560739,22.8797975524,17.6484258991,31.2887237179,0.0121065375303,false
tgc,tgc/25.BDD,25,tgc_start_db,24.9411764706,39,82.3126666667,true,413,25.3377648439,22.8797975524,20.5543540146,32.6264278805,0.00726392251816,false
tgc,tgc/25.BDD,25,tgc_start_db,24.9411764706,40,84.1626666667,true,413,19.4887940411,32.5133965218,23.8048019099,30.7649425019,0.00968523002421,false
tgc,tgc/25.BDD,25,tgc_start_db,24.9411764706,41,86.0126666667,true,413,10.0622124829,42.1469954913,26.5689359233,28.4104993998,0.00968523002421,false
tgc,tgc/25.BDD,25,tgc_start_db,24.9411764706,42,87.8626666667,true,413,1.15754806019,38.5343958777,26.2597988868,26.28529922,0.0193704600484,false
tgc,tgc/25.BDD,25,tgc_start_db,24.9411764706,43,89.7126666667,true,413,-6.69453487706,34.9217962642,23.7306268935,24.6568337379,0.0145278450363,false
tgc,tgc/25.BDD,25,tgc_start_db,24.9411764706,44,91.5626666667,true,413,-15.8557842602,30.1049967795,22.4432184953,27.4791548439,0.0121065375303,false
tgc,tgc/25.BDD,25,tgc_start_db,24.9411764706,45,93.4126666667,true,413,-19.6520753795,26.4923971659,19.1950634115,27.4709760674,0.00484261501211,false
tgc,tgc/25.BDD,25,tgc_start_db,24.9411764706,46,95.2626666667,true,413,-22.4045322279,22.8797975524,16.1182502772,27.6000191368,0.00484261501211,false
tgc,tgc/25.BDD,25,tgc_start_db,24.9411764706,47,97.1126666667,false,413,-21.7718170414,16.8587981965,14.302931301,26.0496806331,0.00968523002421,false
tgc,tgc/25.BDD,25,tgc_start_db,24.9411764706,48,98.9626666667,false,413,-19.0922536477,14.4503984541,12.4735627233,22.805786905,0.00726392251816,false
tgc,tgc/25.BDD,25,tgc_start_db,24.9411764706,49,100.812666667,false,413,-11.4267779544,12.0419987118,9.53122301674,14.8800358405,0.0193704600484,false
tgc,tgc/30.BDD,30,tgc_start_db,29.9607843137,0,10.1626666667,false,413,20.3401895916,30.1049967795,25.1800209079,32.3690711258,0.0290556900726,false
tgc,tgc/30.BDD,30,tgc_start_db,29.9607843137,1,12.0126666667,true,413,26.6352683371,34.9217962642,25.867363705,37.1289378307,0.0121065375303,false
tgc,tgc/30.BDD,30,tgc_start_db,29.9607843137,2,13.8626666667,true,413,28.6121388278,36.1259961354,26.3466912492,38.8947635046,0.00484261501211,false
tgc,tgc/30.BDD,30,tgc_start_db,29.9607843137,3,15.7126666667,true,413,28.6908637588,36.1259961354,26.5420142022,39.0850889872,0.00968523002421,false
tgc,tgc/30.BDD,30,tgc_start_db,29.9607843137,4,17.5626666667,true,413,35.2979264903,36.1259961354,26.436322981,44.1001449801,0,false
tgc,tgc/30.BDD,30,tgc_start_db,29.9607843137,5,19.4126666667,true,413,36.0501869425,32.5133965218,25.4936417461,44.1536153454,0.00242130750605,false
tgc,tgc/30.BDD,30,tgc_start_db,29.9607843137,6,21.2626666667,true,413,39.9252029929,28.9007969083,23.4303169263,46.2925651189,0.00242130750605,false
tgc,tgc/30.BDD,30,tgc_start_db,29.9607843137,7,23.1126666667,true,413,41.6046681885,26.4923971659,22.3845343317,47.2442143793,0.00726392251816,false
tgc,tgc/30.BDD,30,tgc_start_db,29.9607843137,8,24.9626666667,true,413,42.0886807275,28.9007969083,22.8198721283,47.8769632426,0.00242130750605,false
tgc,tgc/30.BDD,30,tgc_start_db,29.9607843137,9,26.8126666667,true,413,41.3305887989,28.9007969083,22.1700215636,46.901251866,0.00242130750605,false
tgc,tgc/30.BDD,30,tgc_start_db,29.9607843137,10,28.6626666667,true,413,41.3335045371,26.4923971659,22.7931991417,47.2015733258,0.00242130750605,false
tgc,tgc/30.BDD,30,tgc_start_db,29.9607843137,11,30.5126666667,true,413,41.1264871259,24.0839974236,21.6965961998,46.4987121324,0.00484261501211,false
tgc,tgc/30.BDD,30,tgc_start_db,29.9607843137,12,32.3626666667,true,413,41.1527287695,26.4923971659,21.407920041,46.3879954909,0.00242130750605,false
tgc,tgc/30.BDD,30,tgc_start_db,29.9607843137,13,34.2126666667,true,413,41.1993805805,24.0839974236,21.2546610515,46.3589212195,0,false
tgc,tgc/30.BDD,30,tgc_start_db,29.9607843137,14,36.0626666667,true,413,40.0884843313,26.4923971659,23.6139963696,46.5264161582,0.00484261501211,false
tgc,tgc/30.BDD,30,tgc_start_db,29.9607843137,15,37.9126666667,true,413,39.8581410146,30.1049967795,24.7075421729,46.8949255822,0.00726392251816,false
tgc,tgc/30.BDD,30,tgc_start_db,29.9607843137,16,39.7626666667,true,413,39.3362238791,32.5133965218,26.4648084407,47.4101739595,0.00242130750605,false
tgc,tgc/30.BDD,30,tgc_start_db,29.9607843137,17,41.6126666667,true,413,40.6395588487,36.1259961354,26.627885086,48.5861915318,0.00726392251816,false
tgc,tgc/30.BDD,30,tgc_start_db,29.9607843137,18,43.4626666667,true,413,41.6892245959,39.7385957489,28.0028512513,50.2210227456,0.00484261501211,false
tgc,tgc/30.BDD,30,tgc_start_db,29.9607843137,19,45.3126666667,true,413,42.2169732078,40.9427956201,28.9224506249,51.1740263901,0.00484261501211,false
tgc,tgc/30.BDD,30,tgc_start_db,29.9607843137,20,47.1626666667,true,413,43.9955735017,42.1469954913,28.5194008492,52.4305894736,0.00484261501211,false
tgc,tgc/30.BDD,30,tgc_start_db,29.9607843137,21,49.0126666667,true,413,45.1968576347,40.9427956201,28.0286367681,53.1823318324,0.00726392251816,false
tgc,tgc/30.BDD,30,tgc_start_db,29.9607843137,22,50.8626666667,true,413,44.6574460702,42.1469954913,28.7800294642,53.1279360174,0.0145278450363,false
tgc,tgc/30.BDD,30,tgc_start_db,29.9607843137,23,52.7126666667,true,413,43.1150205693,44.5553952336,28.8418823074,51.8725281216,0.00968523002421,false
tgc,tgc/30.BDD,30,tgc_start_db,29.9607843137,24,54.5626666667,true,413,42.1994787786,39.7385957489,28.5605204255,50.9558567405,0.00484261501211,false
tgc,tgc/30.BDD,30,tgc_start_db,29.9607843137,25,56.4126666667,true,413,40.2692600989,37.3301960066,27.9558225213,49.0218453524,0.00242130750605,false
tgc,tgc/30.BDD,30,tgc_start_db,29.9607843137,26,58.2626666667,true,413,36.8082788711,40.9427956201,28.041825174,46.2730305096,0.00968523002421,false
tgc,tgc/30.BDD,30,tgc_start_db,29.9607843137,27,60.1126666667,true,413,32.1751708922,37.3301960066,27.420406485,42.274345811,0.00968523002421,false
tgc,tgc/30.BDD,30,tgc_start_db,29.9607843137,28,61.9626666667,true,413,26.3320315657,36.1259961354,27.8633491237,38.3372157409,0.00484261501211,false
tgc,tgc/30.BDD,30,tgc_start_db,29.9607843137,29,63.8126666667,true,413,21.1303546403,37.3301960066,27.1194365217,34.3795829597,0.0121065375303,false
tgc,tgc/30.BDD,30,tgc_start_db,29.9607843137,30,65.6626666667,true,413,16.1123692207,38.5343958777,28.5864545117,32.8145367704,0.00726392251816,false
tgc,tgc/30.BDD,30,tgc_start_db,29.9607843137,31,67.5126666667,true,413,12.528926989,38.5343958777,27.8564047535,30.5442841999,0.00726392251816,false
tgc,tgc/30.BDD,30,tgc_start_db,29.9607843137,32,69.3626666667,true,413,6.11721871606,24.0839974236,18.4782243153,19.464458345,0.0266343825666,false
tgc,tgc/30.BDD,30,tgc_start_db,29.9607843137,33,71.2126666667,true,413,8.79386637161,39.7385957489,26.251894711,27.6856291545,0.00484261501211,false
tgc,tgc/30.BDD,30,tgc_start_db,29.9607843137,34,73.0626666667,true,413,0.749344714027,12.0419987118,13.8091755404,13.8294919143,0.0532687651332,false
tgc,tgc/30.BDD,30,tgc_start_db,29.9607843137,35,74.9126666667,true,413,1.48994221349,12.0419987118,10.1398014029,10.2486828563,0.0702179176755,false
tgc,tgc/30.BDD,30,tgc_start_db,29.9607843137,36,76.7626666667,true,413,8.16406692325,46.963794976,30.5075894955,31.5810861997,0.0121065375303,false
tgc,tgc/30.BDD,30,tgc_start_db,29.9607843137,37,78.6126666667,true,413,8.84926539716,45.7595951048,32.9953910156,34.1614596636,0.0121065375303,false
tgc,tgc/30.BDD,30,tgc_start_db,29.9607843137,38,80.4626666667,true,413,9.45865467822,38.5343958777,29.4071787462,30.8909098301,0.0145278450363,false
tgc,tgc/30.BDD,30,tgc_start_db,29.9607843137,39,82.3126666667,true,413,10.173010534,45.7595951048,32.737842662,34.2820140232,0.0217917675545,false
tgc,tgc/30.BDD,30,tgc_start_db,29.9607843137,40,84.1626666667,true,413,8.09992068314,51.7805944607,34.7654584634,35.6965799097,0.0121065375303,false
tgc,tgc/30.BDD,30,tgc_start_db,29.9607843137,41,86.0126666667,true,413,6.95695131388,51.7805944607,32.8436012749,33.5723296226,0.00968523002421,false
tgc,tgc/30.BDD,30,tgc_start_db,29.9607843137,42,87.8626666667,true,413,3.31519431848,46.963794976,29.1869936478,29.3746678546,0.0145278450363,false
tgc,tgc/30.BDD,30,tgc_start_db,29.9607843137,43,89.7126666667,true,413,-1.86315670141,43.3511953624,27.4922057678,27.5552668445,0.0145278450363,false
tgc,tgc/30.BDD,30,tgc_start_db,29.9607843137,44,91.5626666667,true,413,-6.2425954581,42.1469954913,25.5794143294,26.3301430966,0.0121065375303,false
tgc,tgc/30.BDD,30,tgc_start_db,29.9607843137,45,93.4126666667,true,413,-7.94830229742,34.9217962642,23.8935082612,25.1808507886,0.0121065375303,false
tgc,tgc/30.BDD,30,tgc_start_db,29.9607843137,46,95.2626666667,true,413,-11.9341163989,31.3091966507,21.9212084718,24.9592170367,0.0121065375303,false
tgc,tgc/30.BDD,30,tgc_start_db,29.9607843137,47,97.1126666667,false,413,-14.8702647531,27.6965970371,19.5247756881,24.5426493985,0.0217917675545,false
tgc,tgc/30.BDD,30,tgc_start_db,29.9607843137,48,98.9626666667,false,413,-13.3569966341,22.8797975524,17.0950363968,21.6944607789,0.0169491525424,false
tgc,tgc/30.BDD,30,tgc_start_db,29.9607843137,49,100.812666667,false,413,-9.00671525925,14.4503984541,11.6165219567,14.6991327,0.0121065375303,false
tgc,tgc/35.BDD,35,tgc_start_db,34.9803921569,0,10.1626666667,false,413,17.3107376155,25.2881972948,23.7833176843,29.4161152578,0.0629539951574,false
tgc,tgc/35.BDD,35,tgc_start_db,34.9803921569,1,12.0126666667,true,413,36.1872266373,42.1469954913,27.1043882146,45.2124234275,0.00968523002421,false
tgc,tgc/35.BDD,35,tgc_start_db,34.9803921569,2,13.8626666667,true,413,43.0071382564,33.717596393,23.8969764372,49.2004006472,0,false
tgc,tgc/35.BDD,35,tgc_start_db,34.9803921569,3,15.7126666667,true,413,39.272077639,37.3301960066,28.8230617184,48.7141146785,0.0121065375303,false
tgc,tgc/35.BDD,35,tgc_start_db,34.9803921569,4,17.5626666667,true,413,49.9932469521,31.3091966507,23.0374826725,55.0458931139,0.00484261501211,false
tgc,tgc/35.BDD,35,tgc_start_db,34.9803921569,5,19.4126666667,true,413,43.8672810215,33.717596393,26.2409234847,51.116772292,0,false
tgc,tgc/35.BDD,35,tgc_start_db,34.9803921569,6,21.2626666667,true,413,47.5177852315,33.717596393,24.1476652131,53.3014976202,0.00484261501211,false
tgc,tgc/35.BDD,35,tgc_start_db,34.9803921569,7,23.1126666667,true,413,49.9961626903,28.9007969083,21.2191035098,54.312674741,0,false
tgc,tgc/35.BDD,35,tgc_start_db,34.9803921569,8,24.9626666667,true,413,48.2321410873,27.6965970371,21.8327072155,52.943427715,0,false
tgc,tgc/35.BDD,35,tgc_start_db,34.9803921569,9,26.8126666667,true,413,48.0863541779,27.6965970371,22.0614231211,52.9056126347,0.00242130750605,false
tgc,tgc/35.BDD,35,tgc_start_db,34.9803921569,10,28.6626666667,true,413,48.3254447093,30.1049967795,22.0920258503,53.135733857,0,false
tgc,tgc/35.BDD,35,tgc_start_db,34.9803921569,11,30.5126666667,true,413,46.1415568073,32.5133965218,21.7644628051,51.0170080051,0.00242130750605,false
tgc,tgc/35.BDD,35,tgc_start_db,34.9803921569,12,32.3626666667,true,413,42.9021716817,33.717596393,23.2466621763,48.7955288663,0,false
tgc,tgc/35.BDD,35,tgc_start_db,34.9803921569,13,34.2126666667,true,413,40.2109453352,37.3301960066,23.739551406,46.6956788762,0,false
tgc,tgc/35.BDD,35,tgc_start_db,34.9803921569,14,36.0626666667,true,413,37.7879669019,33.717596393,23.9963158966,44.7633066159,0.00242130750605,false
tgc,tgc/35.BDD,35,tgc_start_db,34.9803921569,15,37.9126666667,true,413,34.1083053101,33.717596393,25.3745170895,42.5116761449,0,false
tgc,tgc/35.BDD,35,tgc_start_db,34.9803921569,16,39.7626666667,true,413,30.5569361984,34.9217962642,25.8403137842,40.0180979845,0.00968523002421,false
tgc,tgc/35.BDD,35,tgc_start_db,34.9803921569,17,41.6126666667,true,413,26.5419647151,36.1259961354,26.3008764669,37.3659202197,0.00968523002421,false
tgc,tgc/35.BDD,35,tgc_start_db,34.9803921569,18,43.4626666667,true,413,25.3873323931,34.9217962642,26.7009265343,36.8436714217,0.00968523002421,false
tgc,tgc/35.BDD,35,tgc_start_db,34.9803921569,19,45.3126666667,true,413,22.873966076,31.3091966507,25.3840261453,34.1696811134,0.00484261501211,false
tgc,tgc/35.BDD,35,tgc_start_db,34.9803921569,20,47.1626666667,true,413,21.4365071499,31.3091966507,24.4108007557,32.4870902409,0.0121065375303,false
tgc,tgc/35.BDD,35,tgc_start_db,34.9803921569,21,49.0126666667,true,413,20.1390036567,33.717596393,23.803070099,31.1795704657,0.00726392251816,false
tgc,tgc/35.BDD,35,tgc_start_db,34.9803921569,22,50.8626666667,true,413,20.532628312,34.9217962642,23.2476707817,31.016818376,0.0145278450363,false
tgc,tgc/35.BDD,35,tgc_start_db,34.9803921569,23,52.7126666667,true,413,21.7951429469,36.1259961354,24.0227568357,32.436416295,0.00968523002421,false
tgc,tgc/35.BDD,35,tgc_start_db,34.9803921569,24,54.5626666667,true,413,23.8332439395,34.9217962642,24.2213809182,33.9808594692,0.0169491525424,false
tgc,tgc/35.BDD,35,tgc_start_db,34.9803921569,25,56.4126666667,true,413,25.4543943714,31.3091966507,23.073117831,34.3554211044,0.00242130750605,false
tgc,tgc/35.BDD,35,tgc_start_db,34.9803921569,26,58.2626666667,true,413,23.5416701208,31.3091966507,22.9801881116,32.8983172476,0.0169491525424,false
tgc,tgc/35.BDD,35,tgc_start_db,34.9803921569,27,60.1126666667,true,413,19.8445140999,36.1259961354,24.39276838,31.4453794555,0.00968523002421,false
tgc,tgc/35.BDD,35,tgc_start_db,34.9803921569,28,61.9626666667,true,413,14.9402424695,36.1259961354,24.5313206024,28.7227529243,0.0145278450363,false
tgc,tgc/35.BDD,35,tgc_start_db,34.9803921569,29,63.8126666667,true,413,11.2926539978,31.3091966507,23.0696131384,25.6852308665,0.0290556900726,false
tgc,tgc/35.BDD,35,tgc_start_db,34.9803921569,30,65.6626666667,true,413,8.4847981238,31.3091966507,22.0727219849,23.6473435088,0.0169491525424,false
tgc,tgc/35.BDD,35,tgc_start_db,34.9803921569,31,67.5126666667,true,413,4.91301884488,22.8797975524,19.0929567426,19.7149372646,0.0193704600484,false
tgc,tgc/35.BDD,35,tgc_start_db,34.9803921569,32,69.3626666667,true,413,0.434444989844,3.61259961354,4.13055042956,4.15333472048,0.222760290557,false
tgc,tgc/35.BDD,35,tgc_start_db,34.9803921569,33,71.2126666667,true,413,5.91894851935,19.2671979389,14.7533787997,15.8964190176,0.0242130750605,false
tgc,tgc/35.BDD,35,tgc_start_db,34.9803921569,34,73.0626666667,true,413,9.7298183296,9.63359896943,42.1404705303,43.2491459019,0.0823244552058,false
tgc,tgc/35.BDD,35,tgc_start_db,34.9803921569,35,74.9126666667,true,413,15.3980133649,13.246198583,52.4101018478,54.6252468304,0.0629539951574,false
tgc,tgc/35.BDD,35,tgc_start_db,34.9803921569,36,76.7626666667,true,413,23.5649960263,21.6755976812,15.9457394957,28.4530428212,0.00968523002421,false
tgc,tgc/35.BDD,35,tgc_start_db,34.9803921569,37,78.6126666667,true,413,27.2038372835,22.8797975524,16.0452380974,31.5831985168,0.00968523002421,false
tgc,tgc/35.BDD,35,tgc_start_db,34.9803921569,38,80.4626666667,true,413,20.2148128496,21.6755976812,15.1336867772,25.2520718757,0.0169491525424,false
tgc,tgc/35.BDD,35,tgc_start_db,34.9803921569,39,82.3126666667,true,413,23.4367035461,25.2881972948,18.1969816329,29.6716904415,0.0217917675545,false
tgc,tgc/35.BDD,35,tgc_start_db,34.9803921569,40,84.1626666667,true,413,23.5183442153,34.9217962642,24.5494347474,33.996871342,0.00968523002421,false
tgc,tgc/35.BDD,35,tgc_start_db,34.9803921569,41,86.0126666667,true,413,14.4241568105,37.3301960066,26.9822714289,30.5957394281,0.0145278450363,false
tgc,tgc/35.BDD,35,tgc_start_db,34.9803921569,42,87.8626666667,true,413,3.10526116902,36.1259961354,24.7657209656,24.9596390574,0.0217917675545,false
tgc,tgc/35.BDD,35,tgc_start_db,34.9803921569,43,89.7126666667,true,413,-7.88415605731,37.3301960066,26.9096619194,28.040859854,0.0121065375303,false
tgc,tgc/35.BDD,35,tgc_start_db,34.9803921569,44,91.5626666667,true,413,-15.8120481874,38.5343958777,25.1597130556,29.7158548408,0.00726392251816,false
tgc,tgc/35.BDD,35,tgc_start_db,34.9803921569,45,93.4126666667,true,413,-21.640608823,32.5133965218,21.6867435723,30.6370820576,0.0121065375303,false
tgc,tgc/35.BDD,35,tgc_start_db,34.9803921569,46,95.2626666667,true,413,-24.433886006,25.2881972948,17.7447241108,30.1975167708,0.00726392251816,false
tgc,tgc/35.BDD,35,tgc_start_db,34.9803921569,47,97.1126666667,false,413,-22.9410280543,20.47139781,15.2410368078,27.5423305326,0.0145278450363,false
tgc,tgc/35.BDD,35,tgc_start_db,34.9803921569,48,98.9626666667,false,413,-19.4392264919,15.6545983253,12.7733029081,23.2602836136,0.0145278450363,false
tgc,tgc/35.BDD,35,tgc_start_db,34.9803921569,49,100.812666667,false,413,-11.5404917436,12.0419987118,9.62929146818,15.0301764416,0.0121065375303,false
tgc,tgc/40.BDD,40,tgc_start_db,40,0,10.1626666667,false,413,9.26621595789,7.22519922707,22.0091159179,23.8801997828,0.317191283293,false
tgc,tgc/40.BDD,40,tgc_start_db,40,1,12.0126666667,true,413,27.9735921649,37.3301960066,29.3688191671,40.559208546,0.0411622276029,false
tgc,tgc/40.BDD,40,tgc_start_db,40,2,13.8626666667,true,413,33.4464327416,32.5133965218,26.6191972446,42.7462925303,0.0121065375303,false
tgc,tgc/40.BDD,40,tgc_start_db,40,3,15.7126666667,true,413,27.9531819976,33.717596393,32.551723955,42.9068189946,0.0266343825666,false
tgc,tgc/40.BDD,40,tgc_start_db,40,4,17.5626666667,true,413,35.2366959884,36.1259961354,25.9818460415,43.7799162619,0.0169491525424,false
tgc,tgc/40.BDD,40,tgc_start_db,40,5,19.4126666667,true,413,32.9420100353,28.9007969083,26.2570776529,42.1261219677,0.00242130750605,false
tgc,tgc/40.BDD,40,tgc_start_db,40,6,21.2626666667,true,413,38.2224118917,36.1259961354,25.7804887848,46.1040819538,0.00484261501211,false
tgc,tgc/40.BDD,40,tgc_start_db,40,7,23.1126666667,true,413,39.4965894794,27.6965970371,21.2948534633,44.8714983539,0.00242130750605,false
tgc,tgc/40.BDD,40,tgc_start_db,40,8,24.9626666667,true,413,33.1052913738,26.4923971659,21.4565573538,39.4505281387,0.00726392251816,false
tgc,tgc/40.BDD,40,tgc_start_db,40,9,26.8126666667,true,413,32.6416890021,26.4923971659,22.1090546509,39.4244867876,0.00242130750605,false
tgc,tgc/40.BDD,40,tgc_start_db,40,10,28.6626666667,true,413,36.6362503181,31.3091966507,22.5256213665,43.0071907397,0.00968523002421,false
tgc,tgc/40.BDD,40,tgc_start_db,40,11,30.5126666667,true,413,34.9451221697,27.6965970371,22.6017921244,41.6173349782,0.00726392251816,false
tgc,tgc/40.BDD,40,tgc_start_db,40,12,32.3626666667,true,413,32.5396381655,28.9007969083,23.5350349244,40.1587589554,0.00726392251816,false
tgc,tgc/40.BDD,40,tgc_start_db,40,13,34.2126666667,true,413,32.5454696419,32.5133965218,25.4198754116,41.2962184728,0.00484261501211,false
tgc,tgc/40.BDD,40,tgc_start_db,40,14,36.0626666667,true,413,30.2303735215,36.1259961354,24.8147142412,39.1106830178,0.00968523002421,false
tgc,tgc/40.BDD,40,tgc_start_db,40,15,37.9126666667,true,413,30.4198965037,36.1259961354,25.9566982259,39.9890020641,0.00968523002421,false
tgc,tgc/40.BDD,40,tgc_start_db,40,16,39.7626666667,true,413,29.9387997028,39.7385957489,28.0824712484,41.0482267469,0.00726392251816,false
tgc,tgc/40.BDD,40,tgc_start_db,40,17,41.6126666667,true,413,29.7988442699,39.7385957489,28.0140701834,40.8993795559,0.00242130750605,false
tgc,tgc/40.BDD,40,tgc_start_db,40,18,43.4626666667,true,413,28.4517732275,39.7385957489,29.8585750123,41.2436407408,0.00484261501211,false
tgc,tgc/40.BDD,40,tgc_start_db,40,19,45.3126666667,true,413,26.6294368607,43.3511953624,32.5559520205,42.0596828266,0.0145278450363,false
tgc,tgc/40.BDD,40,tgc_start_db,40,20,47.1626666667,true,413,25.807198692,46.963794976,32.249601268,41.3043373785,0.0121065375303,false
tgc,tgc/40.BDD,40,tgc_start_db,40,21,49.0126666667,true,413,26.2299807291,45.7595951048,30.3575707599,40.1197456559,0.00968523002421,false
tgc,tgc/40.BDD,40,tgc_start_db,40,22,50.8626666667,true,413,25.5185406115,43.3511953624,28.2793744554,38.0909298197,0.0145278450363,false
tgc,tgc/40.BDD,40,tgc_start_db,40,23,52.7126666667,true,413,26.8102126283,36.1259961354,25.316175157,36.8740589813,0.00484261501211,false
tgc,tgc/40.BDD,40,tgc_start_db,40,24,54.5626666667,true,413,26.2008233473,37.3301960066,23.3177837502,35.0742381684,0.00968523002421,false
tgc,tgc/40.BDD,40,tgc_start_db,40,25,56.4126666667,true,413,24.3988971478,32.5133965218,24.0441469784,34.2553234687,0.00726392251816,false
tgc,tgc/40.BDD,40,tgc_start_db,40,26,58.2626666667,true,413,24.028598398,30.1049967795,23.2227518499,33.4166088115,0.00484261501211,false
tgc,tgc/40.BDD,40,tgc_start_db,40,27,60.1126666667,true,413,21.0049778982,26.4923971659,21.8941411694,30.3407731287,0.00484261501211,false
tgc,tgc/40.BDD,40,tgc_start_db,40,28,61.9626666667,true,413,15.5962835616,27.6965970371,21.6742233107,26.7023597657,0.0145278450363,false
tgc,tgc/40.BDD,40,tgc_start_db,40,29,63.8126666667,true,413,11.3334743324,27.6965970371,20.8250092299,23.7092524106,0.0145278450363,false
tgc,tgc/40.BDD,40,tgc_start_db,40,30,65.6626666667,true,413,9.97182459911,25.2881972948,20.5017691829,22.7982417187,0.0266343825666,false
tgc,tgc/40.BDD,40,tgc_start_db,40,31,67.5126666667,true,413,1.56575140635,6.0209993559,8.02389005216,8.17523021301,0.130750605327,false
tgc,tgc/40.BDD,40,tgc_start_db,40,32,69.3626666667,true,413,0.151618385717,0,2.4798348994,2.48446558905,0.554479418886,true
tgc,tgc/40.BDD,40,tgc_start_db,40,33,71.2126666667,true,413,3.1548287182,13.246198583,13.3912335244,13.7578370228,0.0629539951574,false
tgc,tgc/40.BDD,40,tgc_start_db,40,34,73.0626666667,true,413,47.853095123,148.116584155,76.4926881603,90.2277676485,0.0726392251816,false
tgc,tgc/40.BDD,40,tgc_start_db,40,35,74.9126666667,true,413,37.0969369516,108.377988406,73.2975553413,82.1505590377,0.0823244552058,false
tgc,tgc/40.BDD,40,tgc_start_db,40,36,76.7626666667,true,413,6.65079880426,31.3091966507,22.1269705814,23.104890215,0.0145278450363,false
tgc,tgc/40.BDD,40,tgc_start_db,40,37,78.6126666667,true,413,6.28341579271,33.717596393,25.8971542341,26.6485255023,0.00484261501211,false
tgc,tgc/40.BDD,40,tgc_start_db,40,38,80.4626666667,true,413,1.54242550086,6.0209993559,8.33692507928,8.4784076455,0.111380145278,false
tgc,tgc/40.BDD,40,tgc_start_db,40,39,82.3126666667,true,413,1.08173886733,13.246198583,12.1163724009,12.164564897,0.0653753026634,false
tgc,tgc/40.BDD,40,tgc_start_db,40,40,84.1626666667,true,413,-1.13130641651,46.963794976,28.8182783183,28.8404753678,0.00968523002421,false
tgc,tgc/40.BDD,40,tgc_start_db,40,41,86.0126666667,true,413,-7.64798126417,51.7805944607,30.5459562489,31.4888402545,0.00726392251816,false
tgc,tgc/40.BDD,40,tgc_start_db,40,42,87.8626666667,true,413,-1.77568455581,6.0209993559,9.01393563685,9.18716992915,0.113801452785,false
tgc,tgc/40.BDD,40,tgc_start_db,40,43,89.7126666667,true,413,-10.8727876989,24.0839974236,19.8320122438,22.6169454609,0.0266343825666,false
tgc,tgc/40.BDD,40,tgc_start_db,40,44,91.5626666667,true,413,-22.5415719227,34.9217962642,26.1838795907,34.5502245314,0.00484261501211,false
tgc,tgc/40.BDD,40,tgc_start_db,40,45,93.4126666667,true,413,-24.0052724925,27.6965970371,22.2472573859,32.7290936116,0.00242130750605,false
tgc,tgc/40.BDD,40,tgc_start_db,40,46,95.2626666667,true,413,-22.3170600823,24.0839974236,18.7687944621,29.1602266157,0.0121065375303,false
tgc,tgc/40.BDD,40,tgc_start_db,40,47,97.1126666667,false,413,-23.2296861348,20.47139781,16.2901282662,28.3722857178,0.00726392251816,false
tgc,tgc/40.BDD,40,tgc_start_db,40,48,98.9626666667,false,413,-19.6608225941,15.6545983253,12.8268336964,23.4749996326,0.00968523002421,false
tgc,tgc/40.BDD,40,tgc_start_db,40,49,100.812666667,false,413,-12.5901574909,10.8377988406,9.2665911979,15.6327149937,0.0121065375303,false
em_pow,em_pow/low.BDD,low,emit_power,low,0,10.1626666667,false,515,30.4767788756,28.9007969083,20.0641295107,36.4884001246,0.0116504854369,false
em_pow,em_pow/low.BDD,low,emit_power,low,1,12.0126666667,true,515,35.9132151873,26.4923971659,20.7561910985,41.4798564849,0.00388349514563,false
em_pow,em_pow/low.BDD,low,emit_power,low,2,13.8626666667,true,515,40.7557354459,31.9112965862,22.6201674473,46.6122510407,0.00970873786408,false
em_pow,em_pow/low.BDD,low,emit_power,low,3,15.7126666667,true,515,42.4182327438,33.717596393,23.7259135839,48.6027308337,0.00194174757282,false
em_pow,em_pow/low.BDD,low,emit_power,low,4,17.5626666667,true,515,43.2997538146,31.3091966507,23.9013337658,49.4584920533,0.00388349514563,false
em_pow,em_pow/low.BDD,low,emit_power,low,5,19.4126666667,true,515,44.2257016767,27.0944971015,23.4383083503,50.0526421592,0.00194174757282,false
em_pow,em_pow/low.BDD,low,emit_power,low,6,21.2626666667,true,515,45.6520355047,25.2881972948,22.9655915415,51.1030991288,0.00582524271845,false
em_pow,em_pow/low.BDD,low,emit_power,low,7,23.1126666667,true,515,45.0066779038,29.5028968439,23.0491049477,50.5654258839,0.00970873786408,false
em_pow,em_pow/low.BDD,low,emit_power,low,8,24.9626666667,true,515,43.5709910671,31.9112965862,23.498564673,49.5036746541,0.00194174757282,false
em_pow,em_pow/low.BDD,low,emit_power,low,9,26.8126666667,true,515,42.4907185613,32.5133965218,23.219766685,48.4212631884,0.00776699029126,false
em_pow,em_pow/low.BDD,low,emit_power,low,10,28.6626666667,true,515,40.9030453331,31.3091966507,22.7403969509,46.7994099429,0.00776699029126,false
em_pow,em_pow/low.BDD,low,emit_power,low,11,30.5126666667,true,515,40.9311043592,31.3091966507,22.9975119526,46.9493435532,0.00582524271845,false
em_pow,em_pow/low.BDD,low,emit_power,low,12,32.3626666667,true,515,39.0955764002,31.3091966507,22.7573364728,45.2367158114,0.00970873786408,false
em_pow,em_pow/low.BDD,low,emit_power,low,13,34.2126666667,true,515,35.4572560127,30.1049967795,23.2174705603,42.382401338,0.00970873786408,false
em_pow,em_pow/low.BDD,low,emit_power,low,14,36.0626666667,true,515,31.5406836162,28.2986969727,24.4715985737,39.9208449276,0.0135922330097,false
em_pow,em_pow/low.BDD,low,emit_power,low,15,37.9126666667,true,515,29.0434302911,30.1049967795,25.6042674866,38.7182044599,0.0155339805825,false
em_pow,em_pow/low.BDD,low,emit_power,low,16,39.7626666667,true,515,28.4378229772,32.5133965218,25.9588925573,38.5042059844,0.0194174757282,false
em_pow,em_pow/low.BDD,low,emit_power,low,17,41.6126666667,true,515,27.4908308455,34.3196963286,25.7470070253,37.665025572,0.0233009708738,false
em_pow,em_pow/low.BDD,low,emit_power,low,18,43.4626666667,true,515,26.4877206616,36.1259961354,26.6272470407,37.5580834284,0.0271844660194,false
em_pow,em_pow/low.BDD,low,emit_power,low,19,45.3126666667,true,515,26.730898888,36.1259961354,26.5176700168,37.6527260431,0.0252427184466,false
em_pow,em_pow/low.BDD,low,emit_power,low,20,47.1626666667,true,515,27.0722837058,37.3301960066,26.5506074946,37.9189043009,0.0116504854369,false
em_pow,em_pow/low.BDD,low,emit_power,low,21,49.0126666667,true,515,28.804928569,39.1364958133,26.5839481995,39.197324038,0.0252427184466,false
em_pow,em_pow/low.BDD,low,emit_power,low,22,50.8626666667,true,515,30.3060864667,34.9217962642,25.8102863336,39.807408325,0.0233009708738,false
em_pow,em_pow/low.BDD,low,emit_power,low,23,52.7126666667,true,515,30.1868356057,36.1259961354,24.6492207498,38.9721583628,0.0291262135922,false
em_pow,em_pow/low.BDD,low,emit_power,low,24,54.5626666667,true,515,28.4284699685,32.5133965218,24.6189391713,37.606782243,0.0446601941748,false
em_pow,em_pow/low.BDD,low,emit_power,low,25,56.4126666667,true,515,26.5321474529,30.1049967795,23.127629234,35.1971885589,0.031067961165,false
em_pow,em_pow/low.BDD,low,emit_power,low,26,58.2626666667,true,515,23.1627260658,26.4923971659,21.3101245441,31.4743274255,0.031067961165,false
em_pow,em_pow/low.BDD,low,emit_power,low,27,60.1126666667,true,515,19.624950522,21.6755976812,19.3370395781,27.5510395926,0.0485436893204,false
em_pow,em_pow/low.BDD,low,emit_power,low,28,61.9626666667,true,515,16.7185030659,22.8797975524,19.4508263129,25.6484500315,0.0271844660194,false
em_pow,em_pow/low.BDD,low,emit_power,low,29,63.8126666667,true,515,14.1814994538,25.2881972948,18.9782534992,23.6915392628,0.0446601941748,false
em_pow,em_pow/low.BDD,low,emit_power,low,30,65.6626666667,true,515,12.9726230783,27.6965970371,20.1467932582,23.962099827,0.0330097087379,false
em_pow,em_pow/low.BDD,low,emit_power,low,31,67.5126666667,true,515,12.1402053032,25.8902972304,19.9923358816,23.3897002719,0.0349514563107,false
em_pow,em_pow/low.BDD,low,emit_power,low,32,69.3626666667,true,515,9.56111315194,22.8797975524,17.235485672,19.7098161091,0.0330097087379,false
em_pow,em_pow/low.BDD,low,emit_power,low,33,71.2126666667,true,515,12.4582075993,22.8797975524,18.3976566934,22.2189268057,0.0446601941748,false
em_pow,em_pow/low.BDD,low,emit_power,low,34,73.0626666667,true,515,9.43484753438,16.8587981965,13.8000485902,16.7169880387,0.0368932038835,false
em_pow,em_pow/low.BDD,low,emit_power,low,35,74.9126666667,true,515,11.833894268,17.4608981321,15.682508312,19.6464276779,0.0252427184466,false
em_pow,em_pow/low.BDD,low,emit_power,low,36,76.7626666667,true,515,21.5212730375,24.0839974236,21.1853562567,30.1990813251,0.052427184466,false
em_pow,em_pow/low.BDD,low,emit_power,low,37,78.6126666667,true,515,22.9756658917,26.4923971659,21.6447716223,31.5654456922,0.0640776699029,false
em_pow,em_pow/low.BDD,low,emit_power,low,38,80.4626666667,true,515,19.2859039563,28.2986969727,20.9081779247,28.4446479243,0.031067961165,false
em_pow,em_pow/low.BDD,low,emit_power,low,39,82.3126666667,true,515,17.5439060844,34.9217962642,23.4373416649,29.2762296926,0.0621359223301,false
em_pow,em_pow/low.BDD,low,emit_power,low,40,84.1626666667,true,515,12.6172087473,42.1469954913,26.9305177383,29.7396493293,0.0757281553398,false
em_pow,em_pow/low.BDD,low,emit_power,low,41,86.0126666667,true,515,5.51593688565,43.953295298,27.093284084,27.6490795901,0.073786407767,false
em_pow,em_pow/low.BDD,low,emit_power,low,42,87.8626666667,true,515,-2.60948942958,36.1259961354,24.5492375594,24.6875373383,0.0504854368932,false
em_pow,em_pow/low.BDD,low,emit_power,low,43,89.7126666667,true,515,-9.44186229091,31.9112965862,23.8753954864,25.674564712,0.0699029126214,false
em_pow,em_pow/low.BDD,low,emit_power,low,44,91.5626666667,true,515,-14.9414314113,33.717596393,23.0148556612,27.4395691243,0.104854368932,false
em_pow,em_pow/low.BDD,low,emit_power,low,45,93.4126666667,true,515,-18.6195020858,28.9007969083,19.7699402711,27.157621329,0.0912621359223,false
em_pow,em_pow/low.BDD,low,emit_power,low,46,95.2626666667,true,515,-20.8314886453,22.8797975524,17.6341336972,27.2931051812,0.100970873786,false
em_pow,em_pow/low.BDD,low,emit_power,low,47,97.1126666667,false,515,-19.8517609831,18.0629980677,15.3042240042,25.0661462236,0.0990291262136,false
em_pow,em_pow/low.BDD,low,emit_power,low,48,98.9626666667,false,515,-17.0879469099,21.0734977456,14.2143878795,22.2271624906,0.157281553398,false
em_pow,em_pow/low.BDD,low,emit_power,low,49,100.812666667,false,515,-10.9032699016,18.6650980033,10.6336798913,15.2301163022,0.219417475728,false
em_pow,em_pow/high.BDD,high,emit_power,high,0,10.1626666667,false,515,25.9242018869,24.0839974236,20.111817382,32.8108128805,0.0135922330097,false
em_pow,em_pow/high.BDD,high,emit_power,high,1,12.0126666667,true,515,43.4236811799,26.4923971659,21.1446198619,48.2981473384,0,false
em_pow,em_pow/high.BDD,high,emit_power,high,2,13.8626666667,true,515,47.9131253599,28.9007969083,21.4587396252,52.4990008291,0,false
em_pow,em_pow/high.BDD,high,emit_power,high,3,15.7126666667,true,515,49.8842719451,28.2986969727,21.7655552989,54.4259128078,0,false
em_pow,em_pow/high.BDD,high,emit_power,high,4,17.5626666667,true,515,50.0269053279,28.9007969083,21.617177418,54.4976478044,0.00194174757282,false
em_pow,em_pow/high.BDD,high,emit_power,high,5,19.4126666667,true,515,50.4197316937,28.9007969083,20.9652280066,54.6048544493,0,false
em_pow,em_pow/high.BDD,high,emit_power,high,6,21.2626666667,true,515,49.3745329705,26.4923971659,21.2748446493,53.763031173,0,false
em_pow,em_pow/high.BDD,high,emit_power,high,7,23.1126666667,true,515,48.1983921255,30.1049967795,21.3435341079,52.7127257092,0.00194174757282,false
em_pow,em_pow/high.BDD,high,emit_power,high,8,24.9626666667,true,515,47.3262240634,27.6965970371,20.3948729884,51.5337008987,0.00582524271845,false
em_pow,em_pow/high.BDD,high,emit_power,high,9,26.8126666667,true,515,45.128267017,30.1049967795,20.5983321903,49.6069730278,0.00194174757282,false
em_pow,em_pow/high.BDD,high,emit_power,high,10,28.6626666667,true,515,42.3457469263,30.1049967795,21.8245373692,47.6389831349,0.00582524271845,false
em_pow,em_pow/high.BDD,high,emit_power,high,11,30.5126666667,true,515,40.3278352975,28.9007969083,22.369266315,46.1163569165,0.00194174757282,false
em_pow,em_pow/high.BDD,high,emit_power,high,12,32.3626666667,true,515,39.3668136528,28.9007969083,21.2894585087,44.7547434443,0.00582524271845,false
em_pow,em_pow/high.BDD,high,emit_power,high,13,34.2126666667,true,515,38.7612063389,26.4923971659,21.0555844715,44.1108688906,0.00388349514563,false
em_pow,em_pow/high.BDD,high,emit_power,high,14,36.0626666667,true,515,36.8040892667,27.0944971015,20.5157558448,42.1359374482,0,false
em_pow,em_pow/high.BDD,high,emit_power,high,15,37.9126666667,true,515,32.6560299046,27.0944971015,22.2104202414,39.4932786235,0.00388349514563,false
em_pow,em_pow/high.BDD,high,emit_power,high,16,39.7626666667,true,515,32.9155758963,25.2881972948,21.8947116764,39.5324365044,0.00776699029126,false
em_pow,em_pow/high.BDD,high,emit_power,high,17,41.6126666667,true,515,33.8976418106,27.6965970371,21.0252569902,39.8887396621,0.00776699029126,false
em_pow,em_pow/high.BDD,high,emit_power,high,18,43.4626666667,true,515,34.9732378121,27.6965970371,22.076349591,41.358101677,0.00388349514563,false
em_pow,em_pow/high.BDD,high,emit_power,high,19,45.3126666667,true,515,36.6544411274,27.6965970371,20.8619986165,42.1754791394,0.00388349514563,false
em_pow,em_pow/high.BDD,high,emit_power,high,20,47.1626666667,true,515,37.4821823981,26.4923971659,20.9317939682,42.9308047449,0,false
em_pow,em_pow/high.BDD,high,emit_power,high,21,49.0126666667,true,515,36.5328520142,26.4923971659,21.220791369,42.2489202538,0.00194174757282,false
em_pow,em_pow/high.BDD,high,emit_power,high,22,50.8626666667,true,515,37.4494468676,26.4923971659,21.3199910168,43.0929586782,0.00582524271845,false
em_pow,em_pow/high.BDD,high,emit_power,high,23,52.7126666667,true,515,37.1220915628,27.6965970371,21.645544558,42.9718428882,0.00194174757282,false
em_pow,em_pow/high.BDD,high,emit_power,high,24,54.5626666667,true,515,35.8360528654,27.6965970371,21.7635029298,41.9269930325,0.00194174757282,false
em_pow,em_pow/high.BDD,high,emit_power,high,25,56.4126666667,true,515,33.5913307755,22.8797975524,20.515593813,39.3607303383,0.00194174757282,false
em_pow,em_pow/high.BDD,high,emit_power,high,26,58.2626666667,true,515,32.0854963734,25.8902972304,20.8127543881,38.2446051457,0.00582524271845,false
em_pow,em_pow/high.BDD,high,emit_power,high,27,60.1126666667,true,515,28.0286288463,26.4923971659,22.2468427041,35.7844385914,0.00194174757282,false
em_pow,em_pow/high.BDD,high,emit_power,high,28,61.9626666667,true,515,23.2866534312,30.1049967795,23.2504365951,32.9067018993,0.00970873786408,false
em_pow,em_pow/high.BDD,high,emit_power,high,29,63.8126666667,true,515,19.2461536693,30.1049967795,22.8297684203,29.8598854182,0.00970873786408,false
em_pow,em_pow/high.BDD,high,emit_power,high,30,65.6626666667,true,515,16.3186619436,26.4923971659,21.0947742128,26.6699873775,0.00582524271845,false
em_pow,em_pow/high.BDD,high,emit_power,high,31,67.5126666667,true,515,12.9749613304,25.2881972948,18.9845247336,22.9948211753,0.021359223301,false
em_pow,em_pow/high.BDD,high,emit_power,high,32,69.3626666667,true,515,8.8526227423,18.6650980033,14.6788506662,17.1416914655,0.0330097087379,false
em_pow,em_pow/high.BDD,high,emit_power,high,33,71.2126666667,true,515,11.027197267,22.2776976168,17.3334831026,20.5438242796,0.0233009708738,false
em_pow,em_pow/high.BDD,high,emit_power,high,34,73.0626666667,true,515,5.02022742412,12.0419987118,8.79225291646,10.1245441743,0.0621359223301,false
em_pow,em_pow/high.BDD,high,emit_power,high,35,74.9126666667,true,515,11.5018624589,15.6545983253,12.4439452254,16.9453419203,0.0368932038835,false
em_pow,em_pow/high.BDD,high,emit_power,high,36,76.7626666667,true,515,21.9795704642,21.6755976812,15.1608311514,26.7011669968,0.00970873786408,false
em_pow,em_pow/high.BDD,high,emit_power,high,37,78.6126666667,true,515,24.2126012933,20.47139781,15.934849768,28.9856774721,0.0116504854369,false
em_pow,em_pow/high.BDD,high,emit_power,high,38,80.4626666667,true,515,19.6530095481,19.2671979389,16.2711877481,25.514551437,0.0155339805825,false
em_pow,em_pow/high.BDD,high,emit_power,high,39,82.3126666667,true,515,19.6576860524,21.6755976812,18.8475028132,27.2333065056,0.00776699029126,false
em_pow,em_pow/high.BDD,high,emit_power,high,40,84.1626666667,true,515,16.0450864389,30.1049967795,22.8922144004,27.9552907154,0.00776699029126,false
em_pow,em_pow/high.BDD,high,emit_power,high,41,86.0126666667,true,515,7.53151026227,42.1469954913,27.3203623748,28.3394750678,0.0194174757282,false
em_pow,em_pow/high.BDD,high,emit_power,high,42,87.8626666667,true,515,-1.22992064513,37.9322959421,24.3808080054,24.4118107438,0.0174757281553,false
em_pow,em_pow/high.BDD,high,emit_power,high,43,89.7126666667,true,515,-9.66399624773,34.9217962642,23.7781215444,25.666941533,0.00582524271845,false
em_pow,em_pow/high.BDD,high,emit_power,high,44,91.5626666667,true,515,-17.380228432,30.1049967795,22.4952736465,28.4272699494,0.00970873786408,false
em_pow,em_pow/high.BDD,high,emit_power,high,45,93.4126666667,true,515,-21.4628167331,27.0944971015,19.9408873784,29.296612288,0.0135922330097,false
em_pow,em_pow/high.BDD,high,emit_power,high,46,95.2626666667,true,515,-23.8057454145,22.8797975524,17.6532486318,29.6369819988,0.00388349514563,false
em_pow,em_pow/high.BDD,high,emit_power,high,47,97.1126666667,false,515,-23.9764378234,19.2671979389,15.5367829384,28.5702851714,0.00776699029126,false
em_pow,em_pow/high.BDD,high,emit_power,high,48,98.9626666667,false,515,-21.1541674457,18.0629980677,13.0540717711,24.8577470847,0.00776699029126,false
em_pow,em_pow/high.BDD,high,emit_power,high,49,100.812666667,false,515,-13.6647457227,13.246198583,9.0976683733,16.4162372514,0.0174757281553,false
