gate_index,depth_mm,prf_600_mean_mm_s,prf_600_median_mm_s,prf_600_iqr_mm_s,prf_600_rms_mm_s,prf_600_zero_fraction,res_1_8_mean_mm_s,res_1_8_median_mm_s,res_1_8_iqr_mm_s,res_1_8_rms_mm_s,res_1_8_zero_fraction,diff_mean_mm_s,diff_median_mm_s,diff_iqr_mm_s,diff_rms_mm_s,diff_zero_fraction
0,10.1626666667,29.2141227,27.6965970371,26.4923971659,35.8179823133,0.00582524271845,35.3520346648,34.9217962642,27.0944971015,40.3747517374,0.00970873786408,-6.13791196475,-7.22519922707,-0.60209993559,-4.55676942413,-0.00388349514563
1,12.0126666667,35.7121255,33.717596393,30.1049967795,41.5210402289,0,41.9412292997,40.9427956201,28.9007969083,46.3833188302,0.00388349514563,-6.22910379965,-7.22519922707,1.20419987118,-4.86227860128,-0.00388349514563
2,13.8626666667,40.426041889,38.5343958777,29.5028968439,45.4467691184,0.00194174757282,44.758823173,43.3511953624,28.9007969083,49.6418685409,0,-4.33278128407,-4.81679948472,0.60209993559,-4.19509942257,0.00194174757282
3,15.7126666667,43.4797992322,40.9427956201,27.6965970371,48.1126926648,0.00194174757282,45.8998902354,43.3511953624,32.5133965218,51.2278010174,0.00194174757282,-2.42009100324,-2.40839974236,-4.81679948472,-3.11510835253,0
4,17.5626666667,44.2069956592,43.3511953624,27.6965970371,49.6740187833,0,45.6590502612,44.5553952336,27.6965970371,50.5415036262,0.00194174757282,-1.45205460195,-1.20419987118,1.06581410364e-14,-0.867484842871,-0.00194174757282
5,19.4126666667,45.4836813479,43.3511953624,31.9112965862,52.2033161207,0.00970873786408,46.0986416705,45.7595951048,25.8902972304,51.0553887862,0.00194174757282,-0.614960322563,-2.40839974236,6.0209993559,1.14792733447,0.00776699029126
6,21.2626666667,44.943545095,43.3511953624,30.1049967795,51.8013083195,0.00388349514563,47.0245895326,45.7595951048,28.9007969083,51.5771474934,0,-2.08104443757,-2.40839974236,1.20419987118,0.224160826006,0.00388349514563
7,23.1126666667,44.0830682939,44.5553952336,28.9007969083,50.4584258013,0.00388349514563,46.2669958272,43.3511953624,27.6965970371,50.3766083221,0,-2.18392753336,1.20419987118,1.20419987118,0.0818174791624,0.00388349514563
8,24.9626666667,41.1742825856,40.9427956201,31.3091966507,47.8937261837,0.00388349514563,45.9092432441,44.5553952336,28.2986969727,50.1497008391,0,-4.73496065852,-3.61259961354,3.01049967795,-2.2559746554,0.00388349514563
9,26.8126666667,37.4143730849,37.3301960066,31.3091966507,45.0140493909,0.00194174757282,46.2740105838,44.5553952336,27.6965970371,50.425575142,0,-8.85963749883,-7.22519922707,3.61259961354,-5.41152575118,0.00194174757282
10,28.6626666667,34.5289698984,36.1259961354,31.3091966507,43.2609162717,0.00388349514563,47.0666780718,46.963794976,26.4923971659,50.533926348,0,-12.5377081733,-10.8377988406,4.81679948472,-7.27301007633,0.00388349514563
11,30.5126666667,31.0052238676,32.5133965218,30.7070967151,40.6044832442,0.00388349514563,46.6481309321,44.5553952336,27.0944971015,50.3382228371,0,-15.6429070644,-12.0419987118,3.61259961354,-9.73373959297,0.00388349514563
12,32.3626666667,29.3099910393,30.1049967795,33.717596393,39.465498961,0.00776699029126,45.4649753305,45.7595951048,28.9007969083,49.56091878,0,-16.1549842912,-15.6545983253,4.81679948472,-10.0954198191,0.00776699029126
13,34.2126666667,27.7316708198,28.9007969083,28.9007969083,37.2311414348,0.00582524271845,41.9669500736,40.9427956201,26.4923971659,46.0522942337,0,-14.2352792539,-12.0419987118,2.40839974236,-8.8211527989,0.00582524271845
14,36.0626666667,25.59450833,25.2881972948,32.5133965218,36.0131160266,0.00388349514563,41.3870635337,40.9427956201,27.0944971015,45.6467892259,0,-15.7925552038,-15.6545983253,5.41889942031,-9.63367319939,0.00388349514563
15,37.9126666667,22.3770733343,21.6755976812,32.5133965218,33.617403741,0.00776699029126,35.6302866738,34.9217962642,25.8902972304,40.6105158219,0.00194174757282,-13.2532133395,-13.246198583,6.62309929148,-6.99311208091,0.00582524271845
16,39.7626666667,21.5072435245,22.8797975524,34.3196963286,32.4374011138,0.0116504854369,34.6435442551,36.1259961354,30.1049967795,41.0504200828,0.00194174757282,-13.1363007306,-13.246198583,4.21469954913,-8.61301896902,0.00970873786408
17,41.6126666667,20.1300129922,21.6755976812,33.1154964574,31.8110907397,0.00776699029126,33.4019323491,32.5133965218,29.5028968439,40.1880453089,0.00582524271845,-13.2719193569,-10.8377988406,3.61259961354,-8.37695456922,0.00194174757282
18,43.4626666667,20.695870019,21.6755976812,35.5238961998,31.6771528184,0.00970873786408,32.027040069,31.3091966507,30.7070967151,39.5403417597,0.0116504854369,-11.33117005,-9.63359896943,4.81679948472,-7.86318894133,-0.00194174757282
19,45.3126666667,21.1424761849,24.0839974236,32.5133965218,31.3970277103,0.0135922330097,30.8883112588,28.9007969083,30.1049967795,38.3797609664,0.00194174757282,-9.74583507393,-4.81679948472,2.40839974236,-6.98273325609,0.0116504854369
20,47.1626666667,20.9413864976,24.0839974236,34.9217962642,31.5732053733,0.00970873786408,31.0847244417,28.9007969083,29.5028968439,38.1601387013,0.00776699029126,-10.143337944,-4.81679948472,5.41889942031,-6.58693332802,0.00194174757282
21,49.0126666667,21.0840198804,21.6755976812,31.3091966507,31.3456431779,0.00776699029126,30.4183225712,30.1049967795,30.1049967795,38.1872458039,0.00776699029126,-9.33430269077,-8.42939909825,1.20419987118,-6.84160262593,0
22,50.8626666667,20.9133274715,21.6755976812,30.1049967795,31.569102791,0.00776699029126,31.1221364765,30.1049967795,30.1049967795,39.2401499646,0.00388349514563,-10.208809005,-8.42939909825,-7.1054273576e-15,-7.67104717361,0.00388349514563
23,52.7126666667,19.744201383,20.47139781,34.9217962642,31.8755962119,0.00776699029126,31.4378005204,31.3091966507,30.1049967795,39.2767644085,0.00194174757282,-11.6935991374,-10.8377988406,4.81679948472,-7.40116819659,0.00582524271845
24,54.5626666667,16.6951205441,20.47139781,38.5343958777,30.4988477604,0.00776699029126,31.3325791724,30.1049967795,30.1049967795,39.3240866702,0.00582524271845,-14.6374586283,-9.63359896943,8.42939909825,-8.82523890977,0.00194174757282
25,56.4126666667,15.0372997506,19.2671979389,36.1259961354,30.6462533426,0.0116504854369,28.8259728386,27.6965970371,32.5133965218,37.2917458988,0.0116504854369,-13.788673088,-8.42939909825,3.61259961354,-6.64549255617,0
26,58.2626666667,12.6008409821,18.0629980677,38.5343958777,30.2534371863,0.0135922330097,24.7971643376,24.0839974236,27.6965970371,34.1524215682,0.00582524271845,-12.1963233555,-6.0209993559,10.8377988406,-3.89898438196,0.00776699029126
27,60.1126666667,9.70140828257,16.8587981965,38.5343958777,29.3061257198,0.00194174757282,20.1323512444,20.47139781,31.9112965862,31.8392699285,0.0116504854369,-10.4309429618,-3.61259961354,6.62309929148,-2.53314420874,-0.00970873786408
28,61.9626666667,7.15972816612,13.246198583,39.1364958133,28.0203823048,0.00776699029126,14.9718286896,15.6545983253,34.3196963286,28.0609000737,0.0194174757282,-7.81210052351,-2.40839974236,4.81679948472,-0.0405177688657,-0.0116504854369
29,63.8126666667,4.36084031019,12.0419987118,40.9427956201,26.9572970235,0.0155339805825,9.94458650898,9.63359896943,33.1154964574,24.0543418192,0.0135922330097,-5.58374619879,2.40839974236,7.82729916266,2.90295520431,0.00194174757282
30,65.6626666667,3.10519889112,8.42939909825,40.3406956845,25.6848715992,0.0116504854369,6.38810494769,4.81679948472,31.3091966507,21.4540199281,0.0194174757282,-3.28290605657,3.61259961354,9.03149903384,4.2308516711,-0.00776699029126
31,67.5126666667,1.74433612408,4.81679948472,37.9322959421,24.1051493174,0.0135922330097,4.60635678878,4.81679948472,26.4923971659,18.9487562056,0.0155339805825,-2.86202066471,0,11.4398987762,5.15639311185,-0.00194174757282
32,69.3626666667,2.40839974236,3.61259961354,30.1049967795,20.5732709336,0.0135922330097,3.41150992631,2.40839974236,18.0629980677,17.2938615337,0.0446601941748,-1.00311018395,1.20419987118,12.0419987118,3.27940939996,-0.031067961165
33,71.2126666667,4.62272455402,6.0209993559,31.3091966507,20.9047519041,0.021359223301,6.11920594733,6.0209993559,20.47139781,17.4349363266,0.0271844660194,-1.49648139331,0,10.8377988406,3.46981557748,-0.00582524271845
34,73.0626666667,6.28288359972,7.22519922707,22.8797975524,17.911152856,0.0271844660194,4.96644762405,4.81679948472,13.8482985186,12.1014772524,0.0427184466019,1.31643597568,2.40839974236,9.03149903384,5.80967560362,-0.0155339805825
35,74.9126666667,7.89393934971,7.22519922707,25.8902972304,20.6951288504,0.00970873786408,6.04905838202,4.81679948472,14.4503984541,13.2852535901,0.0446601941748,1.84488096769,2.40839974236,11.4398987762,7.40987526029,-0.0349514563107
36,76.7626666667,11.3919646066,13.246198583,34.9217962642,25.9061299694,0.0252427184466,20.3498086968,21.6755976812,24.0839974236,28.4044792984,0.0135922330097,-8.95784409027,-8.42939909825,10.8377988406,-2.49834932897,0.0116504854369
37,78.6126666667,9.72712905651,13.246198583,36.728096071,26.8279371431,0.0135922330097,26.0878795393,27.6965970371,24.0839974236,32.7110276993,0.00582524271845,-16.3607504828,-14.4503984541,12.6440986474,-5.88309055625,0.00776699029126
38,80.4626666667,7.31171455763,9.63359896943,37.3301960066,26.3088997272,0.00388349514563,20.7847236018,20.47139781,19.2671979389,26.7606291075,0.00970873786408,-13.4730090441,-10.8377988406,18.0629980677,-0.451729380235,-0.00582524271845
39,82.3126666667,4.43332612768,10.8377988406,46.3616950404,30.4171253819,0.00970873786408,23.8034071623,25.2881972948,21.6755976812,31.5962056361,0.0155339805825,-19.3700810347,-14.4503984541,24.6860973592,-1.17908025411,-0.00582524271845
40,84.1626666667,0.717843418353,3.61259961354,52.3826943963,31.2495593885,0.0135922330097,19.6693773133,24.0839974236,29.5028968439,30.6298486911,0.00970873786408,-18.951533895,-20.47139781,22.8797975524,0.619710697367,0.00388349514563
41,86.0126666667,-5.39668602462,-8.42939909825,52.9847943319,32.7104681829,0.00970873786408,12.7832246519,16.8587981965,30.1049967795,27.1985443984,0.00582524271845,-18.1799106765,-25.2881972948,22.8797975524,5.51192378448,0.00388349514563
42,87.8626666667,-11.1487863802,-15.6545983253,45.7595951048,32.4245514544,0.0155339805825,0.507400722419,1.20419987118,26.4923971659,21.2149382925,0.0330097087379,-11.6561871026,-16.8587981965,19.2671979389,11.2096131619,-0.0174757281553
43,89.7126666667,-16.5337811439,-21.6755976812,37.3301960066,33.7649544957,0.00776699029126,-7.71857043643,-8.42939909825,30.7070967151,22.8761052774,0.0135922330097,-8.81521070747,-13.246198583,6.62309929148,10.8888492183,-0.00582524271845
44,91.5626666667,-20.1650867749,-26.4923971659,33.1154964574,35.3499342893,0.00582524271845,-18.0513068068,-20.47139781,26.4923971659,28.1962877624,0.00776699029126,-2.11377996805,-6.0209993559,6.62309929148,7.15364652688,-0.00194174757282
45,93.4126666667,-23.1510348049,-28.9007969083,25.2881972948,34.393303105,0.00582524271845,-21.7223627248,-24.0839974236,25.2881972948,28.904401489,0.00776699029126,-1.42867208018,-4.81679948472,-7.1054273576e-15,5.48890161606,-0.00194174757282
46,95.2626666667,-24.247675076,-27.6965970371,21.6755976812,32.2337251797,0.00388349514563,-23.2749621703,-26.4923971659,22.8797975524,29.1429605737,0.0116504854369,-0.972712905651,-1.20419987118,-1.20419987118,3.090764606,-0.00776699029126
47,97.1126666667,-24.1401154758,-27.6965970371,21.6755976812,30.4552404723,0.00776699029126,-23.6233617447,-24.0839974236,20.47139781,28.2358550764,0.0116504854369,-0.516753731127,-3.61259961354,1.20419987118,2.21938539595,-0.00388349514563
48,98.9626666667,-20.7262672973,-22.8797975524,18.0629980677,25.9629123216,0.00388349514563,-20.3007054011,-21.6755976812,14.4503984541,23.4636190316,0,-0.425561896223,-1.20419987118,3.61259961354,2.49929328995,0.00388349514563
49,100.812666667,-13.6881282444,-15.6545983253,10.8377988406,17.726189358,0.0135922330097,-13.2625663482,-13.246198583,10.8377988406,16.1110088543,0.021359223301,-0.425561896222,-2.40839974236,-1.7763568394e-15,1.61518050378,-0.00776699029126
