axis,fine_path,fine_label,fine_pitch_mm,coarse_path,coarse_label,coarse_pitch_mm,knot_spacing_mm,knots,support_min_mm,support_max_mm,max_knot_offset_mm,mean_abs_difference_mm_s,median_abs_difference_mm_s,max_abs_difference_mm_s,max_abs_difference_depth_mm,knots_above_screening_threshold,fraction_above_screening_threshold,max_abs_difference_over_screening_threshold,depth_ranges_above_screening_threshold_mm,fine_variance_share_at_coarse_knots,fine_detail_rms_mm_s,fine_detail_max_abs_mm_s,fine_detail_variance_share
res,res/0-2.BDD,0-2,0.246666666667,res/0-4.BDD,0-4,0.37,0.37,235,10.1626666667,96.7426666667,0.123333333333,4.63030485341,4.21496848142,15.1833105129,42.7226666667,0,0,0.783853742572,,1.00074238718,0.431182249723,2.44259608758,0.000396293941433
res,res/0-2.BDD,0-2,0.246666666667,res/0-6.BDD,0-6,0.616666666667,0.616666666667,141,10.1626666667,96.7426666667,0.123333333333,1.97411701908,1.71397508081,6.11355261449,44.696,0,0,0.315618329296,,0.991513079637,0.581447238322,2.73815021418,0.000721926431789
res,res/0-2.BDD,0-2,0.246666666667,res/0-8.BDD,0-8,0.74,0.74,118,10.1626666667,96.7426666667,0,2.47651352362,2.4125418556,6.23670805737,95.2626666667,0,0,0.32197635344,,1.01130510247,0.604317323416,2.79677252028,0.000779861452388
res,res/0-2.BDD,0-2,0.246666666667,res/1-0.BDD,1-0,0.986666666667,0.986666666667,88,10.1626666667,96.7426666667,0,4.64646223966,3.65073942715,14.5898716717,42.7226666667,0,0,0.753216862935,,0.977362613036,0.904608002614,4.68489929599,0.00174747333622
res,res/0-2.BDD,0-2,0.246666666667,res/1-2.BDD,1-2,1.23333333333,1.23333333333,71,10.1626666667,96.7426666667,0,4.67773173221,3.73809227065,15.7644906744,42.2293333333,0,0,0.813857755481,,1.00855490532,1.0417206165,5.23936860787,0.00231516696128
res,res/0-2.BDD,0-2,0.246666666667,res/1-4.BDD,1-4,1.35666666667,1.35666666667,64,10.1626666667,96.7426666667,0.123333333333,4.1073463956,3.27466717907,11.1221434581,41.366,0,0,0.574191891,,0.963811136167,1.21953942689,6.36784800033,0.00316638076902
res,res/0-2.BDD,0-2,0.246666666667,res/1-6.BDD,1-6,1.60333333333,1.60333333333,55,10.1626666667,96.7426666667,0.123333333333,2.61286020933,2.51239363791,9.48360203173,10.1626666667,0,0,0.489600534699,,1.02852596322,1.39622538631,7.92622430421,0.00416273177594
res,res/0-2.BDD,0-2,0.246666666667,res/1-8.BDD,1-8,1.85,1.85,47,10.1626666667,96.7426666667,0.123333333333,3.06781320122,3.09959569536,6.78088659326,17.5626666667,0,0,0.350070120054,,0.94957128947,1.52380955644,6.36784800033,0.00495418253685
res,res/0-2.BDD,0-2,0.246666666667,res/2-0.BDD,2-0,1.97333333333,1.97333333333,44,10.1626666667,96.7426666667,0,4.2225991603,3.26225105687,11.8038676207,16.0826666667,0,0,0.609386589532,,0.944627902857,1.57601751734,7.48167181627,0.00529163630014
res,res/0-2.BDD,0-2,0.246666666667,res/2-2.BDD,2-2,2.22,2.22,40,10.1626666667,96.7426666667,0,2.7741380005,2.74441579132,6.35364765715,10.1626666667,0,0,0.328013478404,,1.04077823318,1.74988175095,9.16462052062,0.0065370966592
res,res/0-2.BDD,0-2,0.246666666667,res/2-5.BDD,2-5,2.46666666667,2.46666666667,36,10.1626666667,96.7426666667,0,3.6407492961,3.06325779545,9.00021765048,42.2293333333,0,0,0.464645327729,,1.05528129785,1.87393589109,9.16462052062,0.00748472221017
res,res/0-2.BDD,0-2,0.246666666667,res/3-0.BDD,3-0,2.96,2.96,30,10.1626666667,96.7426666667,0,2.64967308568,2.25827798261,8.31966338865,45.6826666667,0,0,0.429511026504,,1.01903912177,2.50462245213,13.8495198166,0.0133947062482
res,res/0-4.BDD,0-4,0.37,res/0-6.BDD,0-6,0.616666666667,0.616666666667,141,10.1626666667,96.7426666667,0.123333333333,3.43399457078,2.6651429964,11.5739263712,42.2293333333,0,0,0.597515640252,,0.99138888761,0.685190081915,3.86073776881,0.00108413124129
res,res/0-4.BDD,0-4,0.37,res/0-8.BDD,0-8,0.74,0.74,118,10.1626666667,96.7426666667,0,3.63301251313,2.94379752736,12.5459688879,42.7226666667,0,0,0.647698317082,,1.00863189098,0.752073139373,3.37662509333,0.00130614472334
res,res/0-4.BDD,0-4,0.37,res/1-0.BDD,1-0,0.986666666667,0.986666666667,88,10.1626666667,96.7426666667,0.123333333333,2.42949908616,2.07236833252,6.58980317237,61.4693333333,0,0,0.340205245429,,0.969858118092,0.828932389476,3.86073776881,0.00158585480318
res,res/0-4.BDD,0-4,0.37,res/1-2.BDD,1-2,1.23333333333,1.23333333333,71,10.1626666667,96.7426666667,0.123333333333,2.95508470544,2.32023167017,11.7715613714,85.396,0,0,0.607718746782,,1.00748761405,1.07594917577,5.04304309688,0.00267196363992
res,res/0-4.BDD,0-4,0.37,res/1-4.BDD,1-4,1.35666666667,1.35666666667,64,10.1626666667,96.7426666667,0.123333333333,4.30886846475,4.11128427507,10.768746445,86.136,0,0,0.555947413217,,0.958984209477,1.21475751909,6.40293749686,0.00340491380367
res,res/0-4.BDD,0-4,0.37,res/1-6.BDD,1-6,1.60333333333,1.60333333333,55,10.1626666667,96.7426666667,0.123333333333,4.66527378755,3.90363469262,16.2872097279,43.8326666667,0,0,0.840843654641,,1.02346244817,1.41160703221,7.72877371866,0.00457963923794
res,res/0-4.BDD,0-4,0.37,res/1-8.BDD,1-8,1.85,1.85,47,10.1626666667,96.7426666667,0,2.91937448309,2.18928855428,9.82329804916,45.3126666667,0,0,0.507137684741,,0.947083385355,1.39919546128,6.40293749686,0.00451983385327
res,res/0-4.BDD,0-4,0.37,res/2-0.BDD,2-0,1.97333333333,1.97333333333,44,10.1626666667,96.7426666667,0.123333333333,4.85824725401,5.38049012217,13.2393050439,43.7093333333,0,0,0.683492496506,,0.935546066164,1.57283950067,7.72877371866,0.00570685676091
res,res/0-4.BDD,0-4,0.37,res/2-2.BDD,2-2,2.22,2.22,40,10.1626666667,96.7426666667,0,4.80155667053,4.01085506374,11.789341242,47.9026666667,0,0,0.60863665056,,1.04368704217,1.70436078312,7.29331558342,0.0067001232816
res,res/0-4.BDD,0-4,0.37,res/2-5.BDD,2-5,2.46666666667,2.46666666667,36,10.1626666667,96.7426666667,0.123333333333,3.70400847787,3.46072236981,8.61217051248,47.1626666667,0,0,0.444612002246,,1.0588397812,1.92240770723,10.7550861222,0.00848455381233
res,res/0-4.BDD,0-4,0.37,res/3-0.BDD,3-0,2.96,2.96,30,10.1626666667,96.7426666667,0,3.61815117133,3.06571868097,7.84995180007,87.1226666667,0,0,0.405261691266,,1.02332394014,2.46569437743,14.1317112155,0.0140291604127
res,res/0-6.BDD,0-6,0.616666666667,res/0-8.BDD,0-8,0.74,0.74,118,10.1626666667,96.7426666667,0.246666666667,1.97034830153,1.74055695302,6.3993035626,96.0026666667,0,0,0.330370510642,,1.01728694486,0.623971759242,4.00269252955,0.000882618811511
res,res/0-6.BDD,0-6,0.616666666667,res/1-0.BDD,1-0,0.986666666667,0.986666666667,88,10.1626666667,96.7426666667,0.246666666667,4.31776555697,4.27075065341,12.109811766,40.7493333333,0,0,0.625181265085,,0.975114342197,1.0797257958,4.3467496356,0.00265736409508
res,res/0-6.BDD,0-6,0.616666666667,res/1-2.BDD,1-2,1.23333333333,1.23333333333,71,10.1626666667,96.7426666667,0,3.84601391973,3.18588586863,12.8421507131,39.7626666667,0,0,0.662989002993,,1.01822168928,1.2242995272,6.33840415091,0.00342046234391
res,res/0-6.BDD,0-6,0.616666666667,res/1-4.BDD,1-4,1.35666666667,1.35666666667,64,10.1626666667,96.7426666667,0.246666666667,3.99776600657,3.00604225009,12.3132268849,35.9393333333,0,0,0.635682776072,,0.963802370006,1.23726464474,4.4921258776,0.00349320117594
res,res/0-6.BDD,0-6,0.616666666667,res/1-6.BDD,1-6,1.60333333333,1.60333333333,55,10.1626666667,96.7426666667,0.246666666667,2.56902499603,2.16789286132,8.02920656356,11.766,0,0,0.414515899505,,1.03742540761,1.30554588119,6.33840415091,0.00388171495407
res,res/0-6.BDD,0-6,0.616666666667,res/1-8.BDD,1-8,1.85,1.85,47,10.1626666667,96.7426666667,0,2.5504608589,2.09342274029,6.40543065875,15.7126666667,0,0,0.33068682817,,0.955540468392,1.33379915655,4.4921258776,0.00405687333874
res,res/0-6.BDD,0-6,0.616666666667,res/2-0.BDD,2-0,1.97333333333,1.97333333333,44,10.1626666667,96.7426666667,0.246666666667,4.30964236528,3.5327592145,11.5566294891,14.1093333333,0,0,0.596622671246,,0.935816180869,1.45248891786,6.33840415091,0.00481034646354
res,res/0-6.BDD,0-6,0.616666666667,res/2-2.BDD,2-2,2.22,2.22,40,10.1626666667,96.7426666667,0.246666666667,3.67502666762,3.5076461242,7.29038546785,54.5626666667,0,0,0.376373514122,,1.0562434375,1.49825336308,7.08224592245,0.00512055241302
res,res/0-6.BDD,0-6,0.616666666667,res/2-5.BDD,2-5,2.46666666667,2.46666666667,36,10.1626666667,96.7426666667,0,3.88475412449,3.84753470975,9.70173255085,37.296,0,0,0.500861743092,,1.0715462612,1.7880901251,8.46574315875,0.0072909104709
res,res/0-6.BDD,0-6,0.616666666667,res/3-0.BDD,3-0,2.96,2.96,30,10.1626666667,96.7426666667,0.246666666667,2.82114056771,2.65557577064,5.90175102166,63.4426666667,0,0,0.304683858116,,1.03050554491,2.32631985573,10.6585014755,0.0123144224592
res,res/0-8.BDD,0-8,0.74,res/1-0.BDD,1-0,0.986666666667,0.986666666667,88,10.1626666667,96.7426666667,0.246666666667,3.55758847484,2.85816114003,12.220936042,40.7493333333,0,0,0.630918168085,,0.967657374867,1.10546301443,6.61342700336,0.00322088157248
res,res/0-8.BDD,0-8,0.74,res/1-2.BDD,1-2,1.23333333333,1.23333333333,71,10.1626666667,96.7426666667,0.246666666667,4.76703404852,4.24581466036,13.342514414,42.2293333333,0,0,0.688820784493,,1.00015360311,1.39835303599,8.35202079328,0.00515631470142
res,res/0-8.BDD,0-8,0.74,res/1-4.BDD,1-4,1.35666666667,1.35666666667,64,10.1626666667,96.7426666667,0.37,4.60134817649,4.09539991923,13.1008138193,34.5826666667,0,0,0.676342747141,,0.95104910374,1.45106246758,6.61342700336,0.00551983668242
res,res/0-8.BDD,0-8,0.74,res/1-6.BDD,1-6,1.60333333333,1.60333333333,55,10.1626666667,96.7426666667,0.37,2.86872136147,2.41600770446,8.12376739277,96.7426666667,0,0,0.419397697833,,1.01182438873,1.64813086634,8.35202079328,0.0071599278364
res,res/0-8.BDD,0-8,0.74,res/1-8.BDD,1-8,1.85,1.85,47,10.1626666667,96.7426666667,0.37,2.13858649566,1.99052878964,5.42742324536,36.0626666667,0,0,0.280196207525,,0.935714641879,1.52462040799,6.61342700336,0.00612854608032
res,res/0-8.BDD,0-8,0.74,res/2-0.BDD,2-0,1.97333333333,1.97333333333,44,10.1626666667,96.7426666667,0.246666666667,3.11988803191,1.89072637982,8.9269210529,16.0826666667,0,0,0.460861316839,,0.93416454251,1.6672581165,8.35202079328,0.00732835234783
res,res/0-8.BDD,0-8,0.74,res/2-2.BDD,2-2,2.22,2.22,40,10.1626666667,96.7426666667,0,3.50678158323,3.62067277587,8.18807163294,30.1426666667,0,0,0.422717469188,,1.03857011212,1.55235996599,6.61342700336,0.00635144498862
res,res/0-8.BDD,0-8,0.74,res/2-5.BDD,2-5,2.46666666667,2.46666666667,36,10.1626666667,96.7426666667,0.246666666667,3.33630755893,2.85588359723,9.76573521818,34.8293333333,0,0,0.504165945445,,1.041129679,1.78289489389,6.64486193976,0.00837292617138
res,res/0-8.BDD,0-8,0.74,res/3-0.BDD,3-0,2.96,2.96,30,10.1626666667,96.7426666667,0,2.77780943025,2.42178636357,6.30500894234,87.1226666667,0,0,0.32550245562,,1.01040506516,2.64328190476,14.9654477966,0.0184228003953
res,res/1-0.BDD,1-0,0.986666666667,res/1-2.BDD,1-2,1.23333333333,1.23333333333,71,10.1626666667,96.7426666667,0.493333333333,3.80277204806,3.63777373017,9.5035270467,85.396,0,0,0.490629183724,,1.03621463515,1.18815432575,6.31842221564,0.00366189569838
res,res/1-0.BDD,1-0,0.986666666667,res/1-4.BDD,1-4,1.35666666667,1.35666666667,64,10.1626666667,96.7426666667,0.493333333333,4.65798812172,3.82735493861,12.1940658829,22.3726666667,0,0,0.629530968977,,0.985683934713,1.43612526194,5.97021984326,0.00527846374728
res,res/1-0.BDD,1-0,0.986666666667,res/1-6.BDD,1-6,1.60333333333,1.60333333333,55,10.1626666667,96.7426666667,0.493333333333,5.05461548124,4.1203220524,15.6477802345,42.2293333333,0,0,0.807832461127,,1.07244045332,2.09802843229,12.5763926305,0.0114117997933
res,res/1-0.BDD,1-0,0.986666666667,res/1-8.BDD,1-8,1.85,1.85,47,10.1626666667,96.7426666667,0.493333333333,3.33211996067,2.6550333978,8.35983712631,41.6126666667,0,0,0.431585036292,,0.968389086393,1.74816602528,5.94845719498,0.00792961244958
res,res/1-0.BDD,1-0,0.986666666667,res/2-0.BDD,2-0,1.97333333333,1.97333333333,44,10.1626666667,96.7426666667,0,3.87745471265,3.62385648994,11.7271453809,43.7093333333,0,0,0.605425726404,,0.960435634268,1.66615661274,5.75501143254,0.00696486804523
res,res/1-0.BDD,1-0,0.986666666667,res/2-2.BDD,2-2,2.22,2.22,40,10.1626666667,96.7426666667,0.493333333333,4.84715452662,4.03823359509,12.5492753338,47.9026666667,0,0,0.647869015691,,1.07944521474,1.91599970522,5.94845719498,0.00951342680333
res,res/1-0.BDD,1-0,0.986666666667,res/2-5.BDD,2-5,2.46666666667,2.46666666667,36,10.1626666667,96.7426666667,0.493333333333,3.87284293324,3.80637246989,8.33819562393,47.1626666667,0,0,0.43046777187,,1.0782964051,1.96671791321,6.31842221564,0.00996483695902
res,res/1-0.BDD,1-0,0.986666666667,res/3-0.BDD,3-0,2.96,2.96,30,10.1626666667,96.7426666667,0,3.3656609935,3.11118402988,6.86804659609,39.7626666667,0,0,0.354569843244,,1.05321887684,2.49963756423,12.5763926305,0.0161859274062
res,res/1-2.BDD,1-2,1.23333333333,res/1-4.BDD,1-4,1.35666666667,1.35666666667,64,10.1626666667,96.7426666667,0.616666666667,4.22457869386,4.47291475196,8.10844001435,33.226,0,0,0.418606406439,,0.954443250478,1.19913536887,7.79713383523,0.00281432383221
res,res/1-2.BDD,1-2,1.23333333333,res/1-6.BDD,1-6,1.60333333333,1.60333333333,55,10.1626666667,96.7426666667,0.616666666667,4.87225981036,3.66569058982,17.3679889236,43.8326666667,0,0,0.896639972364,,1.02014014285,1.31315513508,5.63970961713,0.00337638440725
res,res/1-2.BDD,1-2,1.23333333333,res/1-8.BDD,1-8,1.85,1.85,47,10.1626666667,96.7426666667,0.616666666667,4.89787361581,4.61408848436,10.5844100902,45.3126666667,0,0,0.546430862691,,0.930163960213,1.62656619452,6.20681777289,0.00523300070475
res,res/1-2.BDD,1-2,1.23333333333,res/2-0.BDD,2-0,1.97333333333,1.97333333333,44,10.1626666667,96.7426666667,0.493333333333,6.67476427047,7.13952969716,14.3200842396,43.7093333333,0,0,0.739288814229,,0.94355479498,1.51023308562,6.17061937997,0.00454701343804
res,res/1-2.BDD,1-2,1.23333333333,res/2-2.BDD,2-2,2.22,2.22,40,10.1626666667,96.7426666667,0.493333333333,5.73828990718,4.98934515764,14.7858368952,47.9026666667,0,0,0.763333765551,,1.02826663085,1.53776910888,6.20681777289,0.00475905280212
res,res/1-2.BDD,1-2,1.23333333333,res/2-5.BDD,2-5,2.46666666667,2.46666666667,36,10.1626666667,96.7426666667,0,4.52285512738,4.06628613815,10.8160798049,47.1626666667,0,0,0.558391045732,,1.048381465,2.06180704263,7.79713383523,0.00854561240484
res,res/1-2.BDD,1-2,1.23333333333,res/3-0.BDD,3-0,2.96,2.96,30,10.1626666667,96.7426666667,0.493333333333,3.28761848598,2.33600295652,7.92503482355,39.7626666667,0,0,0.409137928198,,1.00952449556,2.47635328487,11.1491050197,0.0123428720718
res,res/1-4.BDD,1-4,1.35666666667,res/1-6.BDD,1-6,1.60333333333,1.60333333333,55,10.1626666667,96.7426666667,0.616666666667,5.59517462462,5.44906474774,14.6555226807,39.0226666667,0,0,0.756606162591,,1.05890608236,1.84477297387,12.6404788081,0.00688333307911
res,res/1-4.BDD,1-4,1.35666666667,res/1-8.BDD,1-8,1.85,1.85,47,10.1626666667,96.7426666667,0.616666666667,4.64017186536,3.84185610204,11.7403454374,84.1626666667,0,0,0.606107192657,,0.993715621073,1.58924750058,6.15131357041,0.00496456319213
res,res/1-4.BDD,1-4,1.35666666667,res/2-0.BDD,2-0,1.97333333333,1.97333333333,44,10.1626666667,96.7426666667,0.616666666667,6.28173747703,4.6394273594,14.0739351678,22.0026666667,0,0,0.726581119748,,0.985536214874,1.68502160901,6.15131357041,0.00575776034767
res,res/1-4.BDD,1-4,1.35666666667,res/2-2.BDD,2-2,2.22,2.22,40,10.1626666667,96.7426666667,0.616666666667,3.58732106915,3.55830202416,8.73346559879,85.6426666667,0,0,0.450873983602,,1.06989989868,1.65740634851,5.55524670031,0.00556813109275
res,res/1-4.BDD,1-4,1.35666666667,res/2-5.BDD,2-5,2.46666666667,2.46666666667,36,10.1626666667,96.7426666667,0.616666666667,3.67547756272,3.57157476823,7.85022481151,29.896,0,0,0.405275785758,,1.05809792456,1.76362538135,5.19808922349,0.00626423999952
res,res/1-4.BDD,1-4,1.35666666667,res/3-0.BDD,3-0,2.96,2.96,30,10.1626666667,96.7426666667,0.616666666667,4.01311472099,4.28830294807,8.77931689649,33.8426666667,0,0,0.453241103162,,1.06510509468,2.69453723605,12.6404788081,0.0144823663822
res,res/1-6.BDD,1-6,1.60333333333,res/1-8.BDD,1-8,1.85,1.85,47,10.1626666667,96.7426666667,0.74,3.24039798193,2.92483014803,9.38021021898,89.7126666667,0,0,0.484262827925,,0.911899499087,1.77062792492,8.89273852765,0.00673101407919
res,res/1-6.BDD,1-6,1.60333333333,res/2-0.BDD,2-0,1.97333333333,1.97333333333,44,10.1626666667,96.7426666667,0.74,3.86889520463,3.9963025785,9.17508599243,93.0426666667,0,0,0.473673082524,,0.879703207203,1.65685679056,7.89607610921,0.00605733318099
res,res/1-6.BDD,1-6,1.60333333333,res/2-2.BDD,2-2,2.22,2.22,40,10.1626666667,96.7426666667,0.74,4.22574005897,4.35104682913,8.52351491985,39.0226666667,0,0,0.440035067721,,1.00378777412,2.03903328318,8.89273852765,0.00901283113681
res,res/1-6.BDD,1-6,1.60333333333,res/2-5.BDD,2-5,2.46666666667,2.46666666667,36,10.1626666667,96.7426666667,0.74,4.25552329225,3.33990505353,11.7934364137,37.296,0,0,0.608848067937,,1.02722881011,2.28315122634,9.67703704094,0.0110669488433
res,res/1-6.BDD,1-6,1.60333333333,res/3-0.BDD,3-0,2.96,2.96,30,10.1626666667,96.7426666667,0.74,3.21087789298,3.04790468397,10.4323768399,45.6826666667,0,0,0.53858199257,,1.00568480383,2.27782683036,8.55247363419,0.0114222920203
res,res/1-8.BDD,1-8,1.85,res/2-0.BDD,2-0,1.97333333333,1.97333333333,44,10.1626666667,96.7426666667,0.863333333333,2.58429102433,2.40236667687,5.80863545076,22.0026666667,0,0,0.299876672708,,1.03724344025,0.675188218794,3.84185610204,0.0012290980485
res,res/1-8.BDD,1-8,1.85,res/2-2.BDD,2-2,2.22,2.22,40,10.1626666667,96.7426666667,0.74,3.19438751399,2.26360617067,9.30781343314,23.4826666667,0,0,0.480525270725,,1.09148250248,1.03999999852,5.28737859269,0.00270800603355
res,res/1-8.BDD,1-8,1.85,res/2-5.BDD,2-5,2.46666666667,2.46666666667,36,10.1626666667,96.7426666667,0.616666666667,2.91095409741,2.65575542732,9.04718500411,86.6293333333,0,0,0.467070064804,,1.07592795117,1.85183251081,8.178423574,0.00926540279805
res,res/1-8.BDD,1-8,1.85,res/3-0.BDD,3-0,2.96,2.96,30,10.1626666667,96.7426666667,0.74,2.63628873602,2.55681315334,7.72956350178,90.0826666667,0,0,0.399046523757,,1.09363515297,3.49942315616,14.1752906679,0.0324709356713
res,res/2-0.BDD,2-0,1.97333333333,res/2-2.BDD,2-2,2.22,2.22,40,10.1626666667,96.7426666667,0.986666666667,4.28233021323,2.56887928431,14.3442165016,21.2626666667,0,0,0.740534666629,,1.12926353442,1.4628815983,8.74794495596,0.00651895744075
res,res/2-0.BDD,2-0,1.97333333333,res/2-5.BDD,2-5,2.46666666667,2.46666666667,36,10.1626666667,96.7426666667,0.986666666667,3.68459419501,2.06451500961,9.63842542182,12.6293333333,0,0,0.497593448607,,1.119090098,1.36594290602,6.3395452136,0.00602499086025
res,res/2-0.BDD,2-0,1.97333333333,res/3-0.BDD,3-0,2.96,2.96,30,10.1626666667,96.7426666667,0.986666666667,3.64710874812,3.31456617849,8.57660589613,19.0426666667,0,0,0.442775943001,,1.11624019461,2.05750258377,8.74794495596,0.0136213056634
res,res/2-2.BDD,2-2,2.22,res/2-5.BDD,2-5,2.46666666667,2.46666666667,36,10.1626666667,96.7426666667,0.986666666667,3.38870584991,2.95620208857,7.93468772833,86.6293333333,0,0,0.409636269158,,1.00004848006,1.81819106251,10.644740745,0.00673898361378
res,res/2-2.BDD,2-2,2.22,res/3-0.BDD,3-0,2.96,2.96,30,10.1626666667,96.7426666667,0.74,3.28705539987,3.05514436255,8.04328290709,48.6426666667,0,0,0.415242604959,,0.980554440554,2.93446605996,13.5864634764,0.0174438455291
res,res/2-5.BDD,2-5,2.46666666667,res/3-0.BDD,3-0,2.96,2.96,30,10.1626666667,96.7426666667,0.986666666667,2.86055789038,2.54836686165,9.01098661119,90.0826666667,0,0,0.465201286204,,0.985298180365,2.91281458374,12.8069914155,0.0186729478593
