relative_path,order,step,job,kind,requested_label,identity,point_key,job_started_at,job_finished_at,recording_stamp,declared_burst_length,declared_emissions_per_profile,declared_prf_us,declared_resolution_mm,declared_accepted_resolution_mm,declared_gates,declared_first_gate_mm,declared_depth_mm,is_control,quantity,unit,profiles,gates,duration_s,depth_min_mm,depth_max_mm,resolution_mm,prf_period_us,prf_hz,burst_length,emissions_per_profile,emit_freq_khz,emit_power,sensitivity,sampling_volume_index,sound_speed_ms,doppler_angle_deg,velo_max_ms,tgc_mode,tgc_start_db,tgc_end_db,skipped_profiles,op_word_14,op_word_27,op_word_84,requested_duration_s,median_interval_s,interval_iqr_s,achieved_period_s,retained_fraction,usable_interval_s,meets_usable_interval,period_expectation_s,period_residual_s,timestamps_monotone,nan_count,zero_fraction,non_zero_fraction,velocity_min_mm_s,velocity_max_mm_s,supported_gates,window_revolutions,window_s,window_profiles,supported_mean_mm_s,supported_median_mm_s,supported_iqr_mm_s,supported_rms_mm_s,supported_zero_fraction,source_sha256,file_size_bytes,log_relative_path,log_status,log_target_s,log_achieved_period_s,log_median_interval_s,manifest_relative_path,job_definition,job_definition_fingerprint,plan,plan_fingerprint,decode_error
sparse2-burst-4-ctrl-begin-20260921T123240.BDD,1,1,burst-4,scientific,ctrl-begin,sparse2-burst-4-ctrl-begin,1,2026-09-21T12:32:32.705552+03:00,2026-09-21T12:34:05.912041+03:00,20260921T123240,4,20,600,1.85,1.85,50,10,102.5,true,axial_velocity,mm/s,561,50,12.5403,10.138,100.788,1.85,600,1666.66666667,4,20,4000,medium,medium,1,1480,0,154.137583511,uniform,23.0588235294,40,0,20,1,0,12,0.0224,8.881784197e-16,0.0223933928571,1.045025,11.52,true,0.0226,-0.000206607142857,true,0,0.0106595365419,0.989340463458,-97.5401895655,143.29978467,49,103,12.36,552,29.6000413322,29.0605377075,28.7717754935,41.3147211201,0.0100561963916,8cc9f9337a07f201350eea34c5da1f0de894cad04abe8e64dd3fdc96d0d8902b,70096,sparse-mixer-live-1-burst-4.jsonl,ok,0.013,0.0223933928571,0.0224,sparse-mixer-live-1-burst-4.manifest.json,jobs/burst-4.json,f4493225adbb74d49d92182ab9bdef59ad15642e4c322f7600cec6514e4fbc69,sparse-mixer-live-1,655298032dab02efe516e2e9d0294fc28330243f4aeb5f1e733fc5a50fd5ce86,
sparse2-burst-4-cc1-20260921T123240.BDD,2,1,burst-4,scientific,cc1,sparse2-burst-4-cc1,2,2026-09-21T12:32:32.705552+03:00,2026-09-21T12:34:05.912041+03:00,20260921T123240,4,20,600,0.617,0.616666666667,145,10,99.465,false,axial_velocity,mm/s,559,145,12.5383,10.138,98.938,0.616666666667,600,1666.66666667,4,20,4000,medium,medium,1,1480,0,154.137583511,uniform,23.0588235294,40,0,20,1,0,12,0.0225,9.99999999998e-05,0.0224700716846,1.04485833333,11.52,true,0.0226,-0.000129928315412,true,0,0.00963543273086,0.990364567269,-91.5191902096,184.24258029,145,103,12.36,551,30.1688429608,30.4704091542,28.5187748802,41.3265524309,0.00956255084799,580ef6ce9ff3093a2f448b02fae7f0b36460da7ae047881f83dd739c0f0332fa,123253,sparse-mixer-live-1-burst-4.jsonl,ok,0.013,0.0224700716846,0.0225,sparse-mixer-live-1-burst-4.manifest.json,jobs/burst-4.json,f4493225adbb74d49d92182ab9bdef59ad15642e4c322f7600cec6514e4fbc69,sparse-mixer-live-1,655298032dab02efe516e2e9d0294fc28330243f4aeb5f1e733fc5a50fd5ce86,
sparse2-burst-4-ctrl-mid-20260921T123240.BDD,3,1,burst-4,scientific,ctrl-mid,sparse2-burst-4-ctrl-mid,3,2026-09-21T12:32:32.705552+03:00,2026-09-21T12:34:05.912041+03:00,20260921T123240,4,20,600,1.85,1.85,50,10,102.5,true,axial_velocity,mm/s,560,50,12.5178,10.138,100.788,1.85,600,1666.66666667,4,20,4000,medium,medium,1,1480,0,154.137583511,uniform,23.0588235294,40,0,20,1,0,12,0.0224,8.881784197e-16,0.0223932021467,1.04315,11.52,true,0.0226,-0.000206797853309,true,0,0.00967857142857,0.990321428571,-80.681391369,140.891384928,49,103,12.36,552,28.8641562512,28.569027556,27.180511378,39.9456849583,0.00879917184265,de9528583437ef0958ce44b4f79903044761db225f046949758abe4897bbc40e,70027,sparse-mixer-live-1-burst-4.jsonl,ok,0.013,0.0223932021467,0.0224,sparse-mixer-live-1-burst-4.manifest.json,jobs/burst-4.json,f4493225adbb74d49d92182ab9bdef59ad15642e4c322f7600cec6514e4fbc69,sparse-mixer-live-1,655298032dab02efe516e2e9d0294fc28330243f4aeb5f1e733fc5a50fd5ce86,
sparse2-burst-4-cc3-20260921T123240.BDD,4,1,burst-4,scientific,cc3,sparse2-burst-4-cc3,4,2026-09-21T12:32:32.705552+03:00,2026-09-21T12:34:05.912041+03:00,20260921T123240,4,20,600,2.96,2.96,31,10,101.76,false,axial_velocity,mm/s,562,31,12.5532,10.138,98.938,2.96,600,1666.66666667,4,20,4000,medium,medium,1,1480,0,154.137583511,uniform,23.0588235294,40,0,20,1,0,12,0.0224,8.881784197e-16,0.0223764705882,1.0461,11.52,true,0.0226,-0.000223529411765,true,0,0.0119963264838,0.988003673516,-110.786388148,136.074585443,31,103,12.36,553,23.8433400848,23.5013200666,26.803158423,34.8150270314,0.0118415679869,31bc8205a51e9373903aaa5731d401b712c6017a94f41b40ca72b1b61a3f293b,59449,sparse-mixer-live-1-burst-4.jsonl,ok,0.013,0.0223764705882,0.0224,sparse-mixer-live-1-burst-4.manifest.json,jobs/burst-4.json,f4493225adbb74d49d92182ab9bdef59ad15642e4c322f7600cec6514e4fbc69,sparse-mixer-live-1,655298032dab02efe516e2e9d0294fc28330243f4aeb5f1e733fc5a50fd5ce86,
sparse2-burst-4-ctrl-end-20260921T123240.BDD,5,1,burst-4,scientific,ctrl-end,sparse2-burst-4-ctrl-end,5,2026-09-21T12:32:32.705552+03:00,2026-09-21T12:34:05.912041+03:00,20260921T123240,4,20,600,1.85,1.85,50,10,102.5,true,axial_velocity,mm/s,561,50,12.5401,10.138,100.788,1.85,600,1666.66666667,4,20,4000,medium,medium,1,1480,0,154.137583511,uniform,23.0588235294,40,0,20,1,0,12,0.0224,8.881784197e-16,0.0223930357143,1.04500833333,11.52,true,0.0226,-0.000206964285714,true,0,0.0135828877005,0.986417112299,-73.4561921419,162.566982609,49,103,12.36,552,19.8559861412,19.7341325828,24.3543280069,31.5960584915,0.0124223602484,b01562e6e603939cd42891a4df25009cc4a5b6a16d29158746bec801f8ed64b0,70096,sparse-mixer-live-1-burst-4.jsonl,ok,0.013,0.0223930357143,0.0224,sparse-mixer-live-1-burst-4.manifest.json,jobs/burst-4.json,f4493225adbb74d49d92182ab9bdef59ad15642e4c322f7600cec6514e4fbc69,sparse-mixer-live-1,655298032dab02efe516e2e9d0294fc28330243f4aeb5f1e733fc5a50fd5ce86,
sparse2-common-reference-1-cr1-20260921T123513.BDD,6,2,common-reference-1,common-reference,cr1,sparse2-common-reference-1-cr1,1,2026-09-21T12:35:05.416491+03:00,2026-09-21T12:35:34.336627+03:00,20260921T123513,10,20,600,1.85,1.85,50,10,102.5,false,axial_velocity,mm/s,561,50,12.5403,10.138,100.788,1.85,600,1666.66666667,10,20,4000,medium,medium,1,1480,0,154.137583511,uniform,23.0588235294,40,0,20,1,0,12,0.0224,8.881784197e-16,0.0223933928571,1.045025,11.52,true,0.0226,-0.000206607142857,true,0,0.00959001782531,0.990409982175,-107.173788535,151.729183769,49,103,12.36,552,27.5150410228,27.069921594,26.5661236887,39.2765417981,0.00968648328897,efd04b1ffaeba70d7240c10295f8f2ab9c28e70d812dd8a9a002bf7e2a358580,70096,sparse-mixer-live-1-common-reference-1.jsonl,ok,0.013,0.0223933928571,0.0224,sparse-mixer-live-1-common-reference-1.manifest.json,jobs/common-reference-1.json,5c401ecf9e2761176e852a6b8c34d4c5b193408042add474e267873eb6ae4eb6,sparse-mixer-live-1,655298032dab02efe516e2e9d0294fc28330243f4aeb5f1e733fc5a50fd5ce86,
sparse2-burst-18-ctrl-begin-20260921T123620.BDD,7,3,burst-18,scientific,ctrl-begin,sparse2-burst-18-ctrl-begin,1,2026-09-21T12:36:12.343364+03:00,2026-09-21T12:37:45.601258+03:00,20260921T123620,18,20,600,1.85,1.85,50,10,102.5,true,axial_velocity,mm/s,562,50,12.5627,10.138,100.788,1.85,600,1666.66666667,18,20,4000,medium,medium,1,1480,0,154.137583511,uniform,23.0588235294,40,0,20,1,0,12,0.0224,8.881784197e-16,0.0223934046346,1.04689166667,11.52,true,0.0226,-0.000206595365419,true,0,0.0112455516014,0.988754448399,-91.5191902096,151.729183769,49,103,12.36,552,27.3966155697,27.4877052227,27.8563378364,38.520053545,0.0109804791482,afab68cb9731541829356660f81f17488161918a30078a1c6692c079b6efe5e9,70165,sparse-mixer-live-1-burst-18.jsonl,ok,0.013,0.0223934046346,0.0224,sparse-mixer-live-1-burst-18.manifest.json,jobs/burst-18.json,e70327cc0f448663f7cf91e8e0779fcc02a28e9c67635a25ed6329e8b03a320a,sparse-mixer-live-1,655298032dab02efe516e2e9d0294fc28330243f4aeb5f1e733fc5a50fd5ce86,
sparse2-burst-18-cc2-20260921T123620.BDD,8,3,burst-18,scientific,cc2,sparse2-burst-18-cc2,2,2026-09-21T12:36:12.343364+03:00,2026-09-21T12:37:45.601258+03:00,20260921T123620,18,20,600,0.617,0.616666666667,145,10,99.465,false,axial_velocity,mm/s,559,145,12.5382,10.138,98.938,0.616666666667,600,1666.66666667,18,20,4000,medium,medium,1,1480,0,154.137583511,uniform,23.0588235294,40,0,20,1,0,12,0.0225,9.99999999998e-05,0.0224698924731,1.04485,11.52,true,0.0226,-0.000130107526882,true,0,0.0126333970761,0.987366602924,-83.0897911114,143.29978467,145,103,12.36,551,25.9261767947,25.4293793486,28.992150002,38.7419956374,0.0126666249452,d5f55311b98a6515c54e0fbc96e9ca37ff1a4e7d3c2063ec151f5ca8683a12cb,123253,sparse-mixer-live-1-burst-18.jsonl,ok,0.013,0.0224698924731,0.0225,sparse-mixer-live-1-burst-18.manifest.json,jobs/burst-18.json,e70327cc0f448663f7cf91e8e0779fcc02a28e9c67635a25ed6329e8b03a320a,sparse-mixer-live-1,655298032dab02efe516e2e9d0294fc28330243f4aeb5f1e733fc5a50fd5ce86,
sparse2-burst-18-ctrl-mid-20260921T123620.BDD,9,3,burst-18,scientific,ctrl-mid,sparse2-burst-18-ctrl-mid,3,2026-09-21T12:36:12.343364+03:00,2026-09-21T12:37:45.601258+03:00,20260921T123620,18,20,600,1.85,1.85,50,10,102.5,true,axial_velocity,mm/s,561,50,12.5403,10.138,100.788,1.85,600,1666.66666667,18,20,4000,medium,medium,1,1480,0,154.137583511,uniform,23.0588235294,40,0,20,1,0,12,0.0224,8.881784197e-16,0.0223933928571,1.045025,11.52,true,0.0226,-0.000206607142857,true,0,0.0100178253119,0.989982174688,-74.6603920131,148.116584155,49,103,12.36,552,35.3697650273,35.339579893,27.6781654064,46.1787042372,0.0100561963916,fb110e85c33fa59bad26b681ed21aaf1d094ba941c470371ce6c986e4e5fc081,70096,sparse-mixer-live-1-burst-18.jsonl,ok,0.013,0.0223933928571,0.0224,sparse-mixer-live-1-burst-18.manifest.json,jobs/burst-18.json,e70327cc0f448663f7cf91e8e0779fcc02a28e9c67635a25ed6329e8b03a320a,sparse-mixer-live-1,655298032dab02efe516e2e9d0294fc28330243f4aeb5f1e733fc5a50fd5ce86,
sparse2-burst-18-cc4-20260921T123620.BDD,10,3,burst-18,scientific,cc4,sparse2-burst-18-cc4,4,2026-09-21T12:36:12.343364+03:00,2026-09-21T12:37:45.601258+03:00,20260921T123620,18,20,600,2.96,2.96,31,10,101.76,false,axial_velocity,mm/s,562,31,12.5532,10.138,98.938,2.96,600,1666.66666667,18,20,4000,medium,medium,1,1480,0,154.137583511,uniform,23.0588235294,40,0,20,1,0,12,0.0224,8.881784197e-16,0.0223764705882,1.0461,11.52,true,0.0226,-0.000223529411765,true,0,0.0128573068534,0.987142693147,-75.8645918843,148.116584155,31,103,12.36,553,27.3660268572,26.5700874802,25.1716618234,38.1326304379,0.0128332263898,3ded837989756c223be0b5894d389fd7003a7ca4a647bc9bd301c47f1c7e5e76,59449,sparse-mixer-live-1-burst-18.jsonl,ok,0.013,0.0223764705882,0.0224,sparse-mixer-live-1-burst-18.manifest.json,jobs/burst-18.json,e70327cc0f448663f7cf91e8e0779fcc02a28e9c67635a25ed6329e8b03a320a,sparse-mixer-live-1,655298032dab02efe516e2e9d0294fc28330243f4aeb5f1e733fc5a50fd5ce86,
sparse2-burst-18-ctrl-end-20260921T123620.BDD,11,3,burst-18,scientific,ctrl-end,sparse2-burst-18-ctrl-end,5,2026-09-21T12:36:12.343364+03:00,2026-09-21T12:37:45.601258+03:00,20260921T123620,18,20,600,1.85,1.85,50,10,102.5,true,axial_velocity,mm/s,560,50,12.5178,10.138,100.788,1.85,600,1666.66666667,18,20,4000,medium,medium,1,1480,0,154.137583511,uniform,23.0588235294,40,0,20,1,0,12,0.0224,8.881784197e-16,0.0223932021467,1.04315,11.52,true,0.0226,-0.000206797853309,true,0,0.0126071428571,0.987392857143,-87.9065905961,122.82838686,49,103,12.36,552,23.2707796313,22.7814955221,26.2835053516,35.4545739788,0.0125332741792,4f9fb25e2ca372b9445cece28e8b92fbb710734cff8ca2a7f5c3e6407bb1bb32,70027,sparse-mixer-live-1-burst-18.jsonl,ok,0.013,0.0223932021467,0.0224,sparse-mixer-live-1-burst-18.manifest.json,jobs/burst-18.json,e70327cc0f448663f7cf91e8e0779fcc02a28e9c67635a25ed6329e8b03a320a,sparse-mixer-live-1,655298032dab02efe516e2e9d0294fc28330243f4aeb5f1e733fc5a50fd5ce86,
sparse2-common-reference-2-cr2-20260921T123835.BDD,12,4,common-reference-2,common-reference,cr2,sparse2-common-reference-2-cr2,1,2026-09-21T12:38:27.398225+03:00,2026-09-21T12:38:56.277597+03:00,20260921T123835,10,20,600,1.85,1.85,50,10,102.5,false,axial_velocity,mm/s,562,50,12.5626,10.138,100.788,1.85,600,1666.66666667,10,20,4000,medium,medium,1,1480,0,154.137583511,uniform,23.0588235294,40,0,20,1,0,12,0.0224,8.881784197e-16,0.0223932263815,1.04688333333,11.52,true,0.0226,-0.000206773618538,true,0,0.0107829181495,0.989217081851,-85.4981908537,137.278785314,49,103,12.36,552,26.3184987373,26.4063828894,27.7887551905,38.0072131107,0.0106477373558,4288245c86842eed06e8a28274df6b199cff3b3b8a13203353e6b77a43175581,70165,sparse-mixer-live-1-common-reference-2.jsonl,ok,0.013,0.0223932263815,0.0224,sparse-mixer-live-1-common-reference-2.manifest.json,jobs/common-reference-2.json,94501890aaaea1573d75c3a9ed731a0cc8b5cc687805d7de74240dcc8efa8ddc,sparse-mixer-live-1,655298032dab02efe516e2e9d0294fc28330243f4aeb5f1e733fc5a50fd5ce86,
sparse2-emissions-8-ctrl-begin-20260921T123944.BDD,13,5,emissions-8,scientific,ctrl-begin,sparse2-emissions-8-ctrl-begin,1,2026-09-21T12:39:36.884627+03:00,2026-09-21T12:40:54.125771+03:00,20260921T123944,10,8,600,1.85,1.85,50,10,102.5,true,axial_velocity,mm/s,826,50,12.5345,10.138,100.788,1.85,600,1666.66666667,10,8,4000,medium,medium,1,1480,0,154.137583511,uniform,23.0588235294,40,0,8,1,0,12,0.0152,1.02348685083e-16,0.0151933333333,1.04454166667,11.52,true,0.0154,-0.000206666666667,true,0,0.0124697336562,0.987530266344,-96.3359896943,184.24258029,49,103,12.36,814,28.8869392204,27.9177766053,28.3109847265,39.1576851487,0.0122348693777,a636024ccaa481db87623e5898701373664310e33ad51784640fd0a3b8198054,88381,sparse-mixer-live-1-emissions-8.jsonl,ok,0.0058,0.0151933333333,0.0152,sparse-mixer-live-1-emissions-8.manifest.json,jobs/emissions-8.json,3c05d37df4f4b17383cae64c7b30f7313fb8849784628f866a149a8a6e9dd1db,sparse-mixer-live-1,655298032dab02efe516e2e9d0294fc28330243f4aeb5f1e733fc5a50fd5ce86,
sparse2-emissions-8-e8-20260921T123944.BDD,14,5,emissions-8,scientific,e8,sparse2-emissions-8-e8,2,2026-09-21T12:39:36.884627+03:00,2026-09-21T12:40:54.125771+03:00,20260921T123944,10,8,600,1.85,1.85,50,10,102.5,false,axial_velocity,mm/s,828,50,12.5648,10.138,100.788,1.85,600,1666.66666667,10,8,4000,medium,medium,1,1480,0,154.137583511,uniform,23.0588235294,40,0,8,1,0,12,0.0152,9.71445146547e-17,0.0151932285369,1.04706666667,11.52,true,0.0154,-0.00020677146312,true,0,0.011884057971,0.988115942029,-113.194787891,136.074585443,49,103,12.36,814,26.9283256105,26.2712175978,26.3940951356,37.9019698212,0.0118337261194,cb777b98862b98e550fc54578734d9150fab79e8716e60562b9d0e9231b5ef8a,88519,sparse-mixer-live-1-emissions-8.jsonl,ok,0.0058,0.0151932285369,0.0152,sparse-mixer-live-1-emissions-8.manifest.json,jobs/emissions-8.json,3c05d37df4f4b17383cae64c7b30f7313fb8849784628f866a149a8a6e9dd1db,sparse-mixer-live-1,655298032dab02efe516e2e9d0294fc28330243f4aeb5f1e733fc5a50fd5ce86,
sparse2-emissions-8-ctrl-mid-20260921T123944.BDD,15,5,emissions-8,scientific,ctrl-mid,sparse2-emissions-8-ctrl-mid,3,2026-09-21T12:39:36.884627+03:00,2026-09-21T12:40:54.125771+03:00,20260921T123944,10,8,600,1.85,1.85,50,10,102.5,true,axial_velocity,mm/s,826,50,12.5345,10.138,100.788,1.85,600,1666.66666667,10,8,4000,medium,medium,1,1480,0,154.137583511,uniform,23.0588235294,40,0,8,1,0,12,0.0152,1.04083408559e-16,0.0151933333333,1.04454166667,11.52,true,0.0154,-0.000206666666667,true,0,0.0118401937046,0.988159806295,-110.786388148,177.017381063,49,103,12.36,814,27.6621792501,26.5415481811,27.6290143913,38.4590180697,0.0116331544903,3472608e8e03c0014fd1104403d62ef61d8c3edbe15562298be88bd37c58806c,88381,sparse-mixer-live-1-emissions-8.jsonl,ok,0.0058,0.0151933333333,0.0152,sparse-mixer-live-1-emissions-8.manifest.json,jobs/emissions-8.json,3c05d37df4f4b17383cae64c7b30f7313fb8849784628f866a149a8a6e9dd1db,sparse-mixer-live-1,655298032dab02efe516e2e9d0294fc28330243f4aeb5f1e733fc5a50fd5ce86,
sparse2-emissions-8-ctrl-end-20260921T123944.BDD,16,5,emissions-8,scientific,ctrl-end,sparse2-emissions-8-ctrl-end,4,2026-09-21T12:39:36.884627+03:00,2026-09-21T12:40:54.125771+03:00,20260921T123944,10,8,600,1.85,1.85,50,10,102.5,true,axial_velocity,mm/s,829,50,12.58,10.138,100.788,1.85,600,1666.66666667,10,8,4000,medium,medium,1,1480,0,154.137583511,uniform,23.0588235294,40,0,8,1,0,12,0.0152,0,0.015193236715,1.04833333333,11.52,true,0.0154,-0.000206763285024,true,0,0.0117732207479,0.988226779252,-110.786388148,157.750183124,49,103,12.36,814,28.276204647,27.7948990674,27.0760654708,39.8800758296,0.0118838690267,f19f3cdbd3e4df5d16724c6b237b0bf2e8f9c2139e1b685576128d7a610ac77f,88588,sparse-mixer-live-1-emissions-8.jsonl,ok,0.0058,0.015193236715,0.0152,sparse-mixer-live-1-emissions-8.manifest.json,jobs/emissions-8.json,3c05d37df4f4b17383cae64c7b30f7313fb8849784628f866a149a8a6e9dd1db,sparse-mixer-live-1,655298032dab02efe516e2e9d0294fc28330243f4aeb5f1e733fc5a50fd5ce86,
sparse2-common-reference-3-cr3-20260921T124146.BDD,17,6,common-reference-3,common-reference,cr3,sparse2-common-reference-3-cr3,1,2026-09-21T12:41:38.683413+03:00,2026-09-21T12:42:07.590411+03:00,20260921T124146,10,20,600,1.85,1.85,50,10,102.5,false,axial_velocity,mm/s,561,50,12.5403,10.138,100.788,1.85,600,1666.66666667,10,20,4000,medium,medium,1,1480,0,154.137583511,uniform,23.0588235294,40,0,20,1,0,12,0.0224,8.881784197e-16,0.0223933928571,1.045025,11.52,true,0.0226,-0.000206607142857,true,0,0.0100178253119,0.989982174688,-63.8225931725,138.482985186,49,103,12.36,552,29.1924529774,28.3724234954,27.8932010977,40.0431685843,0.0100561963916,056015dcabf3b7ad2c1e8b01f4672754c283fc54ab405a4c7e95b8de07595e7e,70096,sparse-mixer-live-1-common-reference-3.jsonl,ok,0.013,0.0223933928571,0.0224,sparse-mixer-live-1-common-reference-3.manifest.json,jobs/common-reference-3.json,51bc174a0591eca248024502393e86eae2475fc81ca7107b967cae7dc5c98c68,sparse-mixer-live-1,655298032dab02efe516e2e9d0294fc28330243f4aeb5f1e733fc5a50fd5ce86,
sparse2-emissions-64-ctrl-begin-20260921T124506.BDD,18,7,emissions-64,scientific,ctrl-begin,sparse2-emissions-64-ctrl-begin,1,2026-09-21T12:44:59.046611+03:00,2026-09-21T12:46:16.230239+03:00,20260921T124506,10,64,600,1.85,1.85,50,10,102.5,true,axial_velocity,mm/s,259,50,12.5888,10.138,100.788,1.85,600,1666.66666667,10,64,4000,medium,medium,1,1480,0,154.137583511,uniform,23.0588235294,40,0,64,1,0,12,0.0488,0,0.0487937984496,1.04906666667,11.52,true,0.049,-0.000206201550388,true,0,0.00741312741313,0.992586872587,-65.0267930437,133.666185701,49,103,12.36,254,31.1297180422,31.8129945559,25.5339523705,41.0684949687,0.0071508918528,158861c11cababb81f52c3b4c233ee26cb06ab3e4d44006e10af301a577cf51f,49258,sparse-mixer-live-1-emissions-64.jsonl,ok,0.0394,0.0487937984496,0.0488,sparse-mixer-live-1-emissions-64.manifest.json,jobs/emissions-64.json,8f82c89509153192a6c56804dff0067dff5ad1dce91c5f7bb9215761f3b59bd0,sparse-mixer-live-1,655298032dab02efe516e2e9d0294fc28330243f4aeb5f1e733fc5a50fd5ce86,
sparse2-emissions-64-e64-20260921T124506.BDD,19,7,emissions-64,scientific,e64,sparse2-emissions-64-e64,2,2026-09-21T12:44:59.046611+03:00,2026-09-21T12:46:16.230239+03:00,20260921T124506,10,64,600,1.85,1.85,50,10,102.5,false,axial_velocity,mm/s,257,50,12.4911,10.138,100.788,1.85,600,1666.66666667,10,64,4000,medium,medium,1,1480,0,154.137583511,uniform,23.0588235294,40,0,64,1,0,12,0.0488,0,0.048793359375,1.040925,11.52,true,0.049,-0.000206640625,true,0,0.00614785992218,0.993852140078,-69.8435925284,126.440986474,49,103,12.36,254,31.1489720816,31.1494558514,24.7966871433,40.3314033323,0.0061063795597,cda04a465d751536669865bf817f99e8b008324c0a7259ba7dca97afa3d8e0d3,49120,sparse-mixer-live-1-emissions-64.jsonl,ok,0.0394,0.048793359375,0.0488,sparse-mixer-live-1-emissions-64.manifest.json,jobs/emissions-64.json,8f82c89509153192a6c56804dff0067dff5ad1dce91c5f7bb9215761f3b59bd0,sparse-mixer-live-1,655298032dab02efe516e2e9d0294fc28330243f4aeb5f1e733fc5a50fd5ce86,
sparse2-emissions-64-ctrl-mid-20260921T124506.BDD,20,7,emissions-64,scientific,ctrl-mid,sparse2-emissions-64-ctrl-mid,3,2026-09-21T12:44:59.046611+03:00,2026-09-21T12:46:16.230239+03:00,20260921T124506,10,64,600,1.85,1.85,50,10,102.5,true,axial_velocity,mm/s,258,50,12.5399,10.138,100.788,1.85,600,1666.66666667,10,64,4000,medium,medium,1,1480,0,154.137583511,uniform,23.0588235294,40,0,64,1,0,12,0.0488,0,0.048793385214,1.04499166667,11.52,true,0.049,-0.000206614785992,true,0,0.00798449612403,0.992015503876,-57.8015938166,127.645186345,49,103,12.36,254,32.6360805518,32.7468638438,24.0778535467,41.625094214,0.00779366864856,ae3c7b25d87e6b864346f73ce7d610599ea514cef48e5a3843c9416db00907ae,49189,sparse-mixer-live-1-emissions-64.jsonl,ok,0.0394,0.048793385214,0.0488,sparse-mixer-live-1-emissions-64.manifest.json,jobs/emissions-64.json,8f82c89509153192a6c56804dff0067dff5ad1dce91c5f7bb9215761f3b59bd0,sparse-mixer-live-1,655298032dab02efe516e2e9d0294fc28330243f4aeb5f1e733fc5a50fd5ce86,
sparse2-emissions-64-ctrl-end-20260921T124506.BDD,21,7,emissions-64,scientific,ctrl-end,sparse2-emissions-64-ctrl-end,4,2026-09-21T12:44:59.046611+03:00,2026-09-21T12:46:16.230239+03:00,20260921T124506,10,64,600,1.85,1.85,50,10,102.5,true,axial_velocity,mm/s,258,50,12.5399,10.138,100.788,1.85,600,1666.66666667,10,64,4000,medium,medium,1,1480,0,154.137583511,uniform,23.0588235294,40,0,64,1,0,12,0.0488,0,0.048793385214,1.04499166667,11.52,true,0.049,-0.000206614785992,true,0,0.00829457364341,0.991705426357,-59.0057936878,125.236786603,49,103,12.36,254,29.8343759343,29.5643356128,26.2036349519,40.3483177511,0.00771332154909,12865dec56a6d2cf49bb0a11d03a2a0f35f44038a716c2393863a228b01a9d7f,49189,sparse-mixer-live-1-emissions-64.jsonl,ok,0.0394,0.048793385214,0.0488,sparse-mixer-live-1-emissions-64.manifest.json,jobs/emissions-64.json,8f82c89509153192a6c56804dff0067dff5ad1dce91c5f7bb9215761f3b59bd0,sparse-mixer-live-1,655298032dab02efe516e2e9d0294fc28330243f4aeb5f1e733fc5a50fd5ce86,
sparse2-common-reference-4-cr4-20260921T124704.BDD,22,8,common-reference-4,common-reference,cr4,sparse2-common-reference-4-cr4,1,2026-09-21T12:46:56.968305+03:00,2026-09-21T12:47:25.956244+03:00,20260921T124704,10,20,600,1.85,1.85,50,10,102.5,false,axial_velocity,mm/s,561,50,12.5402,10.138,100.788,1.85,600,1666.66666667,10,20,4000,medium,medium,1,1480,0,154.137583511,uniform,23.0588235294,40,0,20,1,0,12,0.0224,8.881784197e-16,0.0223932142857,1.04501666667,11.52,true,0.0226,-0.000206785714286,true,0,0.010623885918,0.989376114082,-99.9485893079,187.855179904,49,103,12.36,552,24.9211674316,24.6738096054,26.4493900277,35.9168284709,0.0106477373558,fed47c2b317f57d35e291b901b4d62df5f6d7c93c5fa9fec02d6f092f4e708ef,70096,sparse-mixer-live-1-common-reference-4.jsonl,ok,0.013,0.0223932142857,0.0224,sparse-mixer-live-1-common-reference-4.manifest.json,jobs/common-reference-4.json,29dd8709ed4555c51aee523434b52700539ae25726e096a8e10326c5c59b83d4,sparse-mixer-live-1,655298032dab02efe516e2e9d0294fc28330243f4aeb5f1e733fc5a50fd5ce86,
sparse2-emissions-128-ctrl-begin-20260921T124806.BDD,23,9,emissions-128,scientific,ctrl-begin,sparse2-emissions-128-ctrl-begin,1,2026-09-21T12:47:58.564689+03:00,2026-09-21T12:49:15.629581+03:00,20260921T124806,10,128,600,1.85,1.85,50,10,102.5,true,axial_velocity,mm/s,144,50,12.4686,10.138,100.788,1.85,600,1666.66666667,10,128,4000,medium,medium,1,1480,0,154.137583511,uniform,23.0588235294,40,0,128,1,0,12,0.0872,8.881784197e-16,0.087193006993,1.03905,11.52,true,0.0874,-0.000206993006993,true,0,0.00847222222222,0.991527777778,-61.4141934301,133.666185701,49,103,12.36,142,30.2742562612,29.3431560446,30.1848671791,41.2235694802,0.0077608508192,4a55454bbd23cf64c0172cae5fdfbe46251f82cbee7980ed1ae07f38ca4e63fe,41323,sparse-mixer-live-1-emissions-128.jsonl,ok,0.0778,0.087193006993,0.0872,sparse-mixer-live-1-emissions-128.manifest.json,jobs/emissions-128.json,808dacc2bb59859d651ead0c5c236879a5a23ffe6910debd98201cdb67a182e7,sparse-mixer-live-1,655298032dab02efe516e2e9d0294fc28330243f4aeb5f1e733fc5a50fd5ce86,
sparse2-emissions-128-e128-20260921T124806.BDD,24,9,emissions-128,scientific,e128,sparse2-emissions-128-e128,2,2026-09-21T12:47:58.564689+03:00,2026-09-21T12:49:15.629581+03:00,20260921T124806,10,128,600,1.85,1.85,50,10,102.5,false,axial_velocity,mm/s,145,50,12.5559,10.138,100.788,1.85,600,1666.66666667,10,128,4000,medium,medium,1,1480,0,154.137583511,uniform,23.0588235294,40,0,128,1,0,12,0.0872,8.881784197e-16,0.08719375,1.046325,11.52,true,0.0874,-0.00020625,true,0,0.00662068965517,0.993379310345,-52.9847943319,128.849386216,49,103,12.36,142,33.4495156801,33.3243882718,25.0670177266,42.5841820724,0.00646737568267,9f2e73bd8e54bbeb924e4e6e21a43712fce52ef8262568076085aa37defcbd95,41392,sparse-mixer-live-1-emissions-128.jsonl,ok,0.0778,0.08719375,0.0872,sparse-mixer-live-1-emissions-128.manifest.json,jobs/emissions-128.json,808dacc2bb59859d651ead0c5c236879a5a23ffe6910debd98201cdb67a182e7,sparse-mixer-live-1,655298032dab02efe516e2e9d0294fc28330243f4aeb5f1e733fc5a50fd5ce86,
sparse2-emissions-128-ctrl-mid-20260921T124806.BDD,25,9,emissions-128,scientific,ctrl-mid,sparse2-emissions-128-ctrl-mid,3,2026-09-21T12:47:58.564689+03:00,2026-09-21T12:49:15.629581+03:00,20260921T124806,10,128,600,1.85,1.85,50,10,102.5,true,axial_velocity,mm/s,144,50,12.4687,10.138,100.788,1.85,600,1666.66666667,10,128,4000,medium,medium,1,1480,0,154.137583511,uniform,23.0588235294,40,0,128,1,0,12,0.0872,8.881784197e-16,0.0871937062937,1.03905833333,11.52,true,0.0874,-0.000206293706294,true,0,0.00847222222222,0.991527777778,-60.209993559,102.35698905,49,103,12.36,142,28.5949875992,29.1711274916,25.6752615391,37.5926103005,0.00790457027882,87041912f1f6b214b603a5d91d9a7dbb448e927e67070d3d6304b843bae0d0fa,41323,sparse-mixer-live-1-emissions-128.jsonl,ok,0.0778,0.0871937062937,0.0872,sparse-mixer-live-1-emissions-128.manifest.json,jobs/emissions-128.json,808dacc2bb59859d651ead0c5c236879a5a23ffe6910debd98201cdb67a182e7,sparse-mixer-live-1,655298032dab02efe516e2e9d0294fc28330243f4aeb5f1e733fc5a50fd5ce86,
sparse2-emissions-128-ctrl-end-20260921T124806.BDD,26,9,emissions-128,scientific,ctrl-end,sparse2-emissions-128-ctrl-end,4,2026-09-21T12:47:58.564689+03:00,2026-09-21T12:49:15.629581+03:00,20260921T124806,10,128,600,1.85,1.85,50,10,102.5,true,axial_velocity,mm/s,145,50,12.5559,10.138,100.788,1.85,600,1666.66666667,10,128,4000,medium,medium,1,1480,0,154.137583511,uniform,23.0588235294,40,0,128,1,0,12,0.0872,8.881784197e-16,0.08719375,1.046325,11.52,true,0.0874,-0.00020625,true,0,0.00827586206897,0.991724137931,-66.2309929148,125.236786603,49,103,12.36,142,32.1314377527,31.9481598476,25.0731616035,41.8636909827,0.00819200919805,cf6c445874d3104d990bbcf12caf172399cff4a314359e9934adf50b82e95a40,41392,sparse-mixer-live-1-emissions-128.jsonl,ok,0.0778,0.08719375,0.0872,sparse-mixer-live-1-emissions-128.manifest.json,jobs/emissions-128.json,808dacc2bb59859d651ead0c5c236879a5a23ffe6910debd98201cdb67a182e7,sparse-mixer-live-1,655298032dab02efe516e2e9d0294fc28330243f4aeb5f1e733fc5a50fd5ce86,
