effect_id,view,metric,contrast,units,grid,knot_count,comparison_knot_count,defined_count,sign_count,span_mm,covered_depth_mm,coverage_fraction,signed_depth_average,rms_difference,positive_count,negative_count,zero_count,sign_agreement,zero1_count,zero2_count,shape_correlation,peak1_value,peak1_depth,peak2_value,peak2_depth,peak_localized1,peak_localized2,peak_displacement,peaks_coincide
primary-comparison__mean__pitch_at_burst_4,primary-comparison,mean,pitch_at_burst_4,mm/s,corner_knots,31,31,31,31,88.799999999999997,88.799999999999997,1,8.6720792152466935,10.975100178894648,28,3,0,0.54838709677419351,0,0,0.57163499919829319,23.510913216105273,45.657999999999994,21.755877672635538,84.138000000000005,true,true,38.480000000000011,false
primary-comparison__mean__pitch_at_burst_18,primary-comparison,mean,pitch_at_burst_18,mm/s,corner_knots,31,31,31,31,88.799999999999997,88.799999999999997,1,-0.37917726951896841,3.1767511894861942,14,17,0,0.77419354838709675,0,0,0.65831904761576565,9.678800213487758,87.097999999999999,6.8870743052758732,87.097999999999999,true,true,0,true
primary-comparison__mean__burst_at_fine_pitch,primary-comparison,mean,burst_at_fine_pitch,mm/s,corner_knots,31,31,31,31,88.799999999999997,88.799999999999997,1,4.3916906703798615,7.4121498908675489,25,6,0,0.5161290322580645,0,0,0.3882328966697513,16.31184386249506,45.657999999999994,8.8142928888547871,84.138000000000005,true,true,38.480000000000011,false
primary-comparison__mean__burst_at_coarse_pitch,primary-comparison,mean,burst_at_coarse_pitch,mm/s,corner_knots,31,31,31,31,88.799999999999997,88.799999999999997,1,-4.6595658143858003,6.704528666872382,6,25,0,0.67741935483870963,0,0,0.56234304942631597,12.820131589442923,51.577999999999996,10.046211215795754,95.978000000000009,true,true,44.400000000000013,false
primary-comparison__mean__E8_minus_E20,primary-comparison,mean,E8_minus_E20,mm/s,emissions_knots,49,49,49,49,88.800000000000011,88.800000000000011,1,4.1489866316350597,18.122011768188621,28,21,0,0.2857142857142857,0,0,-0.59684230281878337,9.3293169660399897,63.788000000000004,26.092988377900191,48.988,true,true,-14.800000000000004,false
primary-comparison__mean__E64_minus_E20,primary-comparison,mean,E64_minus_E20,mm/s,emissions_knots,49,49,49,49,88.800000000000011,88.800000000000011,1,-3.043764214185456,5.889052623664397,12,37,0,0.67346938775510201,0,0,0.061937746791763393,15.454934907025972,82.288000000000011,6.9020892484434437,97.088000000000008,true,true,14.799999999999997,false
primary-comparison__mean__E128_minus_E20,primary-comparison,mean,E128_minus_E20,mm/s,emissions_knots,49,49,49,49,88.800000000000011,88.800000000000011,1,-3.7370978621784601,6.5731059556690328,17,32,0,0.73469387755102045,0,0,-0.022623408627330751,13.719181749438803,34.188000000000002,11.023268868629419,78.588000000000008,true,true,44.400000000000006,false
primary-comparison__mean__pitch_x_burst_interaction,primary-comparison,mean,pitch_x_burst_interaction,mm/s,corner_knots,31,31,31,31,88.799999999999997,88.799999999999997,1,-9.0512564847656609,11.564698974185033,4,27,0,0.54838709677419351,0,0,0.55177396203726115,21.74307680103464,45.657999999999994,15.505787145090171,84.138000000000005,true,true,38.480000000000011,false
primary-comparison__std__pitch_at_burst_4,primary-comparison,std,pitch_at_burst_4,mm/s,corner_knots,31,31,31,31,88.799999999999997,88.799999999999997,1,-5.7290555433564316,6.7991076545111158,3,28,0,0.80645161290322576,0,0,-0.34266338208921132,4.4948427338280084,72.298000000000002,13.474442911110369,57.497999999999998,true,true,-14.800000000000004,false
primary-comparison__std__pitch_at_burst_18,primary-comparison,std,pitch_at_burst_18,mm/s,corner_knots,31,31,31,31,88.799999999999997,88.799999999999997,1,2.0448079560165175,3.8859547071241085,21,10,0,0.74193548387096775,0,0,0.20128809856616892,8.7864559947413099,13.097999999999999,4.2799851698987936,51.577999999999996,true,true,38.479999999999997,false
primary-comparison__std__burst_at_fine_pitch,primary-comparison,std,burst_at_fine_pitch,mm/s,corner_knots,31,31,31,31,88.799999999999997,88.799999999999997,1,-6.445466315231533,7.2922900076852351,2,29,0,0.35483870967741937,0,0,0.30467154711738476,8.9932274008265001,78.218000000000004,9.9343451904503546,81.177999999999997,true,true,2.9599999999999937,false
primary-comparison__std__burst_at_coarse_pitch,primary-comparison,std,burst_at_coarse_pitch,mm/s,corner_knots,31,31,31,31,88.799999999999997,88.799999999999997,1,1.3283971841414173,3.0178807231402285,20,11,0,0.64516129032258063,0,0,0.29194607637364339,5.0979512187065765,78.218000000000004,5.2646241252487371,87.097999999999999,true,true,8.8799999999999955,false
primary-comparison__std__E8_minus_E20,primary-comparison,std,E8_minus_E20,mm/s,emissions_knots,49,49,49,49,88.800000000000011,88.800000000000011,1,1.6566203693019272,4.0524198197845616,36,13,0,0.34693877551020408,0,0,-0.23856494253507562,3.8697187285832193,10.138,8.2716098274337284,80.438000000000002,true,true,70.299999999999997,false
primary-comparison__std__E64_minus_E20,primary-comparison,std,E64_minus_E20,mm/s,emissions_knots,49,49,49,49,88.800000000000011,88.800000000000011,1,0.2484086943735786,2.756943184674737,26,23,0,0.69387755102040816,0,0,0.17661427509390712,5.3359109617160811,19.387999999999998,6.301410542240637,54.538000000000004,true,true,35.150000000000006,false
primary-comparison__std__E128_minus_E20,primary-comparison,std,E128_minus_E20,mm/s,emissions_knots,49,49,49,49,88.800000000000011,88.800000000000011,1,-1.2548723840769025,2.6857286454805172,17,32,0,0.81632653061224492,0,0,-0.087483265389736886,5.2119785481936241,13.838000000000001,5.4573110805095961,76.738000000000014,true,true,62.900000000000013,false
primary-comparison__std__pitch_x_burst_interaction,primary-comparison,std,pitch_x_burst_interaction,mm/s,corner_knots,31,31,31,31,88.799999999999997,88.799999999999997,1,7.7738634993729505,8.3807625406551018,31,0,0,0.38709677419354838,0,0,0.49879931018619367,7.0711239071021339,13.097999999999999,12.811640793608607,57.497999999999998,true,true,44.399999999999999,false
primary-comparison__mad_scaled__pitch_at_burst_4,primary-comparison,mad_scaled,pitch_at_burst_4,mm/s,corner_knots,31,31,31,29,88.799999999999997,88.799999999999997,1,-4.7609246106936505,6.7749144921640587,3,28,0,0.51724137931034486,2,0,-0.080503564291502266,5.3560401870303487,84.138000000000005,14.282773832080935,84.138000000000005,true,true,0,true
primary-comparison__mad_scaled__pitch_at_burst_18,primary-comparison,mad_scaled,pitch_at_burst_18,mm/s,corner_knots,31,31,31,25,88.799999999999997,88.799999999999997,1,2.6185085358815026,4.964847774526465,20,8,3,0.71999999999999997,2,6,0.12345699472234567,10.712080374060701,13.097999999999999,7.1413869160404886,45.657999999999994,true,true,32.559999999999995,false
primary-comparison__mad_scaled__burst_at_fine_pitch,primary-comparison,mad_scaled,burst_at_fine_pitch,mm/s,corner_knots,31,31,31,28,88.799999999999997,88.799999999999997,1,-6.5760271185206003,7.4721968577624134,1,30,0,0.25,3,0,0.45316099342370825,10.712080374060692,78.218000000000004,14.282773832080935,81.177999999999997,true,true,2.9599999999999937,false
primary-comparison__mad_scaled__burst_at_coarse_pitch,primary-comparison,mad_scaled,burst_at_coarse_pitch,mm/s,corner_knots,31,31,31,29,88.799999999999997,88.799999999999997,1,0.8034060280545533,3.1686761067959335,15,15,1,0.62068965517241381,1,1,0.3451624975527442,7.1413869160404673,78.218000000000004,5.3560401870303576,10.138,true,true,-68.079999999999998,false
primary-comparison__mad_scaled__E8_minus_E20,primary-comparison,mad_scaled,E8_minus_E20,mm/s,emissions_knots,49,49,49,47,88.800000000000011,88.800000000000011,1,1.2390492272947837,4.2466170542338482,33,16,0,0.38297872340425532,0,2,-0.30346206536623915,4.2401984813990303,17.538,8.0340602805455212,80.438000000000002,true,true,62.900000000000006,false
primary-comparison__mad_scaled__E64_minus_E20,primary-comparison,mad_scaled,E64_minus_E20,mm/s,emissions_knots,49,49,49,49,88.800000000000011,88.800000000000011,1,0.94149143912642741,3.4338959616862264,32,17,0,0.55102040816326525,0,0,0.12878966447202617,6.9182185749141922,13.838000000000001,6.2487135515354115,52.688000000000002,true,true,38.850000000000001,false
primary-comparison__mad_scaled__E128_minus_E20,primary-comparison,mad_scaled,E128_minus_E20,mm/s,emissions_knots,49,49,49,48,88.800000000000011,88.800000000000011,1,-1.0019328648481258,3.6461027707489642,14,34,1,0.52083333333333337,1,0,-0.0080107940785291345,8.7035653039243144,13.838000000000001,7.8108919394192569,82.288000000000011,true,true,68.450000000000017,false
primary-comparison__mad_scaled__pitch_x_burst_interaction,primary-comparison,mad_scaled,pitch_x_burst_interaction,mm/s,corner_knots,31,31,31,31,88.799999999999997,88.799999999999997,1,7.3794331465751553,8.2461633167264736,31,0,0,0.41935483870967744,0,0,0.60837004003254658,8.9267336450505681,13.097999999999999,16.068120561091057,81.177999999999997,true,true,68.079999999999998,false
primary-comparison__recurrence-1e-lag__pitch_at_burst_4,primary-comparison,recurrence-1e-lag,pitch_at_burst_4,s,corner_knots,31,31,31,31,88.799999999999997,88.799999999999997,1,-0.012305832874039439,0.10587901728329666,10,21,0,0.80645161290322576,0,0,0.42057461394679285,0.639621183262719,78.218000000000004,0.17898429557947115,78.218000000000004,true,true,0,true
primary-comparison__recurrence-1e-lag__pitch_at_burst_18,primary-comparison,recurrence-1e-lag,pitch_at_burst_18,s,corner_knots,31,31,31,31,88.799999999999997,88.799999999999997,1,0.041067047060506678,0.096297705325808225,18,13,0,0.64516129032258063,0,0,0.14036413112088417,0.3830697365971481,13.097999999999999,0.14542276214340188,45.657999999999994,true,true,32.559999999999995,false
primary-comparison__recurrence-1e-lag__burst_at_fine_pitch,primary-comparison,recurrence-1e-lag,burst_at_fine_pitch,s,corner_knots,31,31,31,31,88.799999999999997,88.799999999999997,1,-0.0075911561749403469,0.21840676105954074,13,18,0,0.54838709677419351,0,0,0.27422914951116384,1.1106836429885731,78.218000000000004,0.15216905737438191,75.25800000000001,true,true,-2.9599999999999937,false
primary-comparison__recurrence-1e-lag__burst_at_coarse_pitch,primary-comparison,recurrence-1e-lag,burst_at_coarse_pitch,s,corner_knots,31,31,31,31,88.799999999999997,88.799999999999997,1,0.045781723759605757,0.11317392628895614,24,7,0,0.35483870967741937,0,0,-0.2488468253806172,0.44484609567338279,78.218000000000004,0.078396834927612513,78.218000000000004,true,true,0,true
primary-comparison__recurrence-1e-lag__E8_minus_E20,primary-comparison,recurrence-1e-lag,E8_minus_E20,s,emissions_knots,49,49,49,49,88.800000000000011,88.800000000000011,1,0.051757888718542117,0.10876430013240639,35,14,0,0.48979591836734693,0,0,-0.36083619991026272,0.17222594091411803,78.588000000000008,0.18133993952666178,82.288000000000011,true,true,3.7000000000000028,false
primary-comparison__recurrence-1e-lag__E64_minus_E20,primary-comparison,recurrence-1e-lag,E64_minus_E20,s,emissions_knots,49,49,49,49,88.800000000000011,88.800000000000011,1,0.056842242108141407,0.12337663104068343,36,13,0,0.53061224489795922,0,0,-0.12990707087736902,0.10204331241606136,78.588000000000008,0.38595007958379551,80.438000000000002,true,true,1.8499999999999943,false
primary-comparison__recurrence-1e-lag__E128_minus_E20,primary-comparison,recurrence-1e-lag,E128_minus_E20,s,emissions_knots,49,49,49,49,88.800000000000011,88.800000000000011,1,-0.019105030286335051,0.079138716844184734,18,31,0,0.55102040816326525,0,0,0.1110218105838056,0.17478893953261671,76.738000000000014,0.28473333642071375,10.138,true,true,-66.600000000000009,false
primary-comparison__recurrence-1e-lag__pitch_x_burst_interaction,primary-comparison,recurrence-1e-lag,pitch_x_burst_interaction,s,corner_knots,31,31,31,31,88.799999999999997,88.799999999999997,1,0.053372879934546119,0.15169480217918066,22,9,0,0.5161290322580645,0,0,0.38825298175033796,0.6658375473151904,78.218000000000004,0.184641637987117,78.218000000000004,true,true,0,true
full-record__recurrence-1e-lag__pitch_at_burst_4,full-record,recurrence-1e-lag,pitch_at_burst_4,s,corner_knots,31,31,31,31,88.799999999999997,88.799999999999997,1,-0.015137519631861766,0.1130321635492068,7,24,0,0.70967741935483875,0,0,0.3887026109276483,0.66951090069528663,78.218000000000004,0.17891179991754297,75.25800000000001,true,true,-2.9599999999999937,false
full-record__recurrence-1e-lag__pitch_at_burst_18,full-record,recurrence-1e-lag,pitch_at_burst_18,s,corner_knots,31,31,31,31,88.799999999999997,88.799999999999997,1,0.031498795539832265,0.075329571283814775,18,13,0,0.61290322580645162,0,0,0.16760796391385108,0.17563769768327425,13.097999999999999,0.16071181384619665,48.617999999999995,true,true,35.519999999999996,false
full-record__recurrence-1e-lag__burst_at_fine_pitch,full-record,recurrence-1e-lag,burst_at_fine_pitch,s,corner_knots,31,31,31,31,88.799999999999997,88.799999999999997,1,-0.0057915226889989034,0.21131553962878905,12,19,0,0.54838709677419351,0,0,0.24240101465747241,1.107919774666658,78.218000000000004,0.16360001528183571,75.25800000000001,true,true,-2.9599999999999937,false
full-record__recurrence-1e-lag__burst_at_coarse_pitch,full-record,recurrence-1e-lag,burst_at_coarse_pitch,s,corner_knots,31,31,31,31,88.799999999999997,88.799999999999997,1,0.040844792482695153,0.10819543319473424,23,8,0,0.45161290322580644,0,0,-0.21360354996119091,0.41736563484411232,78.218000000000004,0.074337122394781213,78.218000000000004,true,true,0,true
full-record__recurrence-1e-lag__E8_minus_E20,full-record,recurrence-1e-lag,E8_minus_E20,s,emissions_knots,49,49,49,49,88.800000000000011,88.800000000000011,1,0.058842934406032076,0.11471897182917518,35,14,0,0.46938775510204084,0,0,-0.39147660030049758,0.1842677447483852,78.588000000000008,0.21215446390869,82.288000000000011,true,true,3.7000000000000028,false
full-record__recurrence-1e-lag__E64_minus_E20,full-record,recurrence-1e-lag,E64_minus_E20,s,emissions_knots,49,49,49,49,88.800000000000011,88.800000000000011,1,0.055093395241002624,0.11981434810463142,37,12,0,0.51020408163265307,0,0,-0.22151987809564208,0.11804124107066773,78.588000000000008,0.35047061077549246,78.588000000000008,true,true,0,true
full-record__recurrence-1e-lag__E128_minus_E20,full-record,recurrence-1e-lag,E128_minus_E20,s,emissions_knots,49,49,49,49,88.800000000000011,88.800000000000011,1,-0.023016561110420785,0.074271313436159545,17,32,0,0.55102040816326525,0,0,0.1058451884935884,0.16274133370714375,76.738000000000014,0.27383752558071711,10.138,true,true,-66.600000000000009,false
full-record__recurrence-1e-lag__pitch_x_burst_interaction,full-record,recurrence-1e-lag,pitch_x_burst_interaction,s,corner_knots,31,31,31,31,88.799999999999997,88.799999999999997,1,0.046636315171694039,0.14376809455502393,23,8,0,0.5161290322580645,0,0,0.39752026440040283,0.69055413982254576,78.218000000000004,0.19911891907542459,48.617999999999995,true,true,-29.600000000000009,false
primary-comparison__recurrence-peak-lag__pitch_at_burst_4,primary-comparison,recurrence-peak-lag,pitch_at_burst_4,s,corner_knots,31,,,,,,,,,,,,,,,,,,,,,,,
primary-comparison__recurrence-peak-lag__pitch_at_burst_18,primary-comparison,recurrence-peak-lag,pitch_at_burst_18,s,corner_knots,31,,,,,,,,,,,,,,,,,,,,,,,
primary-comparison__recurrence-peak-lag__burst_at_fine_pitch,primary-comparison,recurrence-peak-lag,burst_at_fine_pitch,s,corner_knots,31,,,,,,,,,,,,,,,,,,,,,,,
primary-comparison__recurrence-peak-lag__burst_at_coarse_pitch,primary-comparison,recurrence-peak-lag,burst_at_coarse_pitch,s,corner_knots,31,,,,,,,,,,,,,,,,,,,,,,,
primary-comparison__recurrence-peak-lag__E8_minus_E20,primary-comparison,recurrence-peak-lag,E8_minus_E20,s,emissions_knots,49,,,,,,,,,,,,,,,,,,,,,,,
primary-comparison__recurrence-peak-lag__E64_minus_E20,primary-comparison,recurrence-peak-lag,E64_minus_E20,s,emissions_knots,49,,,,,,,,,,,,,,,,,,,,,,,
primary-comparison__recurrence-peak-lag__E128_minus_E20,primary-comparison,recurrence-peak-lag,E128_minus_E20,s,emissions_knots,49,,,,,,,,,,,,,,,,,,,,,,,
primary-comparison__recurrence-peak-lag__pitch_x_burst_interaction,primary-comparison,recurrence-peak-lag,pitch_x_burst_interaction,s,corner_knots,31,,,,,,,,,,,,,,,,,,,,,,,
full-record__recurrence-peak-lag__pitch_at_burst_4,full-record,recurrence-peak-lag,pitch_at_burst_4,s,corner_knots,31,,,,,,,,,,,,,,,,,,,,,,,
full-record__recurrence-peak-lag__pitch_at_burst_18,full-record,recurrence-peak-lag,pitch_at_burst_18,s,corner_knots,31,,,,,,,,,,,,,,,,,,,,,,,
full-record__recurrence-peak-lag__burst_at_fine_pitch,full-record,recurrence-peak-lag,burst_at_fine_pitch,s,corner_knots,31,,,,,,,,,,,,,,,,,,,,,,,
full-record__recurrence-peak-lag__burst_at_coarse_pitch,full-record,recurrence-peak-lag,burst_at_coarse_pitch,s,corner_knots,31,,,,,,,,,,,,,,,,,,,,,,,
full-record__recurrence-peak-lag__E8_minus_E20,full-record,recurrence-peak-lag,E8_minus_E20,s,emissions_knots,49,,,,,,,,,,,,,,,,,,,,,,,
full-record__recurrence-peak-lag__E64_minus_E20,full-record,recurrence-peak-lag,E64_minus_E20,s,emissions_knots,49,,,,,,,,,,,,,,,,,,,,,,,
full-record__recurrence-peak-lag__E128_minus_E20,full-record,recurrence-peak-lag,E128_minus_E20,s,emissions_knots,49,,,,,,,,,,,,,,,,,,,,,,,
full-record__recurrence-peak-lag__pitch_x_burst_interaction,full-record,recurrence-peak-lag,pitch_x_burst_interaction,s,corner_knots,31,,,,,,,,,,,,,,,,,,,,,,,
primary-comparison__band_fraction__pitch_at_burst_4,primary-comparison,band_fraction,pitch_at_burst_4,dimensionless,corner_knots,31,31,31,31,88.799999999999997,88.799999999999997,1,-0.06671725222790377,0.20297369162698231,13,18,0,0.64516129032258063,0,0,-0.012388540001567146,0.33673595439858051,19.018000000000001,0.38046800966091576,60.457999999999998,true,true,41.439999999999998,false
primary-comparison__band_fraction__pitch_at_burst_18,primary-comparison,band_fraction,pitch_at_burst_18,dimensionless,corner_knots,31,31,31,31,88.799999999999997,88.799999999999997,1,0.075919320993843922,0.29007331021685367,16,15,0,0.5161290322580645,0,0,-0.25628188614200631,0.41444310951632762,13.097999999999999,0.31763116840962008,93.018000000000001,true,true,79.920000000000002,false
primary-comparison__band_fraction__burst_at_fine_pitch,primary-comparison,band_fraction,burst_at_fine_pitch,dimensionless,corner_knots,31,31,31,31,88.799999999999997,88.799999999999997,1,-0.029170676832663143,0.31559437061048384,12,19,0,0.38709677419354838,0,0,-0.028954362721446792,0.64342066358591188,78.218000000000004,0.45568103202608334,60.457999999999998,true,true,-17.760000000000005,false
primary-comparison__band_fraction__burst_at_coarse_pitch,primary-comparison,band_fraction,burst_at_coarse_pitch,dimensionless,corner_knots,31,31,31,31,88.799999999999997,88.799999999999997,1,0.11346589638908457,0.21587921133970767,23,8,0,0.41935483870967744,0,0,-0.1819775141299913,0.32046636500442249,78.218000000000004,0.22934472106785234,72.298000000000002,true,true,-5.9200000000000017,false
primary-comparison__band_fraction__E8_minus_E20,primary-comparison,band_fraction,E8_minus_E20,dimensionless,emissions_knots,49,49,49,49,88.800000000000011,88.800000000000011,1,0.11475820420718116,0.22553327790407846,33,16,0,0.42857142857142855,0,0,-0.43257520593673549,0.32862307569668103,78.588000000000008,0.24247582948317836,39.738,true,true,-38.850000000000009,false
primary-comparison__band_fraction__E64_minus_E20,primary-comparison,band_fraction,E64_minus_E20,dimensionless,emissions_knots,49,49,49,49,88.800000000000011,88.800000000000011,1,0.053118903032027126,0.12749482349405547,33,16,0,0.73469387755102045,0,0,0.46241204231402838,0.26144329645714981,98.938000000000017,0.3331132341504916,98.938000000000017,true,true,0,true
primary-comparison__band_fraction__E128_minus_E20,primary-comparison,band_fraction,E128_minus_E20,dimensionless,emissions_knots,49,49,49,49,88.800000000000011,88.800000000000011,1,0.045117196125060204,0.19740549921185804,30,19,0,0.59183673469387754,0,0,0.13685528667932573,0.50206269132039039,73.038000000000011,0.38247457744681768,23.088000000000001,true,true,-49.95000000000001,false
primary-comparison__band_fraction__pitch_x_burst_interaction,primary-comparison,band_fraction,pitch_x_burst_interaction,dimensionless,corner_knots,31,31,31,31,88.799999999999997,88.799999999999997,1,0.14263657322174775,0.40125039543286134,21,10,0,0.45161290322580644,0,0,-0.20441347380248454,0.49846557962171434,30.857999999999997,0.65090225370970112,60.457999999999998,true,true,29.600000000000001,false
full-record__band_fraction__pitch_at_burst_4,full-record,band_fraction,pitch_at_burst_4,dimensionless,corner_knots,31,31,31,31,88.799999999999997,88.799999999999997,1,-0.075568491898508144,0.2068779268220883,12,19,0,0.61290322580645162,0,0,-0.038354353820083793,0.33132947639290578,21.978000000000002,0.38000119141955419,60.457999999999998,true,true,38.479999999999997,false
full-record__band_fraction__pitch_at_burst_18,full-record,band_fraction,pitch_at_burst_18,dimensionless,corner_knots,31,31,31,31,88.799999999999997,88.799999999999997,1,0.084656669092890671,0.29167780963145551,16,15,0,0.4838709677419355,0,0,-0.3026513152943785,0.38171369783620496,13.097999999999999,0.27763337740865157,93.018000000000001,true,true,79.920000000000002,false
full-record__band_fraction__burst_at_fine_pitch,full-record,band_fraction,burst_at_fine_pitch,dimensionless,corner_knots,31,31,31,31,88.799999999999997,88.799999999999997,1,-0.041241133014217238,0.31602219831631789,11,20,0,0.38709677419354838,0,0,-0.038256703027153498,0.63845001406633584,78.218000000000004,0.45764514425209024,60.457999999999998,true,true,-17.760000000000005,false
full-record__band_fraction__burst_at_coarse_pitch,full-record,band_fraction,burst_at_coarse_pitch,dimensionless,corner_knots,31,31,31,31,88.799999999999997,88.799999999999997,1,0.11898402797718159,0.21782232598278672,22,9,0,0.45161290322580644,0,0,-0.2699885930666594,0.31555675449507514,78.218000000000004,0.2381581615533572,57.497999999999998,true,true,-20.720000000000006,false
full-record__band_fraction__E8_minus_E20,full-record,band_fraction,E8_minus_E20,dimensionless,emissions_knots,49,49,49,49,88.800000000000011,88.800000000000011,1,0.1242063119759423,0.22384148042694971,33,16,0,0.42857142857142855,0,0,-0.3544488054820783,0.32199668238837764,78.588000000000008,0.25131347033166213,39.738,true,true,-38.850000000000009,false
full-record__band_fraction__E64_minus_E20,full-record,band_fraction,E64_minus_E20,dimensionless,emissions_knots,49,49,49,49,88.800000000000011,88.800000000000011,1,0.063060736279494004,0.12585862783041246,32,17,0,0.75510204081632648,0,0,0.51009894393331634,0.25434401118947936,98.938000000000017,0.35906848197410735,98.938000000000017,true,true,0,true
full-record__band_fraction__E128_minus_E20,full-record,band_fraction,E128_minus_E20,dimensionless,emissions_knots,49,49,49,49,88.800000000000011,88.800000000000011,1,0.034458229548626949,0.18899448559812237,29,20,0,0.67346938775510201,0,0,0.1702418677938887,0.5084858186462563,73.038000000000011,0.35899473932009451,23.088000000000001,true,true,-49.95000000000001,false
full-record__band_fraction__pitch_x_burst_interaction,full-record,band_fraction,pitch_x_burst_interaction,dimensionless,corner_knots,31,31,31,31,88.799999999999997,88.799999999999997,1,0.16022516099139875,0.40205552487249985,22,9,0,0.45161290322580644,0,0,-0.19031898540542577,0.50511073382189187,30.857999999999997,0.65014295371891051,60.457999999999998,true,true,29.600000000000001,false
