sitting,effect_id,view,metric,contrast,units,grid,knot_count,defined_count,undefined_count,undefined_alignment_count,undefined_operand_count,covered_depth_mm,coverage_fraction,support_low_mm,support_high_mm,half_pitch_mm,max_abs_offset_mm,signed_depth_average,equal_knot_average,rms_magnitude,positive_fraction,negative_fraction,zero_fraction,min_value,min_depth_mm,max_value,max_depth_mm,max_abs_value,max_abs_depth_mm,correlation,correlation_defined_count
sparse-mixer-live-1,primary-comparison__mean__pitch_at_burst_4,primary-comparison,mean,pitch_at_burst_4,mm/s,corner_knots,31,31,0,0,0,88.799999999999997,1,10.138,98.938000000000017,1.48,0.2466666666666697,-5.91047468563261,-5.7874280008742049,9.19513344068306,0.25806451612903225,0.74193548387096775,0,-23.510913216105273,45.657999999999994,3.0395321721008415,60.457999999999998,23.510913216105273,45.657999999999994,0.98005465526853408,31
sparse-mixer-live-1,primary-comparison__mean__pitch_at_burst_18,primary-comparison,mean,pitch_at_burst_18,mm/s,corner_knots,31,31,0,0,0,88.799999999999997,1,10.138,98.938000000000017,1.48,0.2466666666666697,2.0145425472963652,2.1350405460776463,4.604660187580417,0.67741935483870963,0.32258064516129031,0,-5.2758494705903232,63.417999999999999,9.678800213487758,87.097999999999999,9.678800213487758,87.097999999999999,0.98578417791010875,31
sparse-mixer-live-1,primary-comparison__mean__burst_at_fine_pitch,primary-comparison,mean,burst_at_fine_pitch,mm/s,corner_knots,31,31,0,0,0,88.799999999999997,1,10.138,98.938000000000017,1.48,0.2466666666666697,-4.1603042278430182,-4.3726577535133115,7.5221964232210574,0.19354838709677419,0.80645161290322576,0,-16.31184386249506,45.657999999999994,10.074763782051587,60.457999999999998,16.31184386249506,45.657999999999994,0.97116141377074028,31
sparse-mixer-live-1,primary-comparison__mean__burst_at_coarse_pitch,primary-comparison,mean,burst_at_coarse_pitch,mm/s,corner_knots,31,31,0,0,0,88.799999999999997,1,10.138,98.938000000000017,1.48,1.4210854715202004e-14,3.764713005085957,3.549810793438541,5.9346097716177804,0.77419354838709675,0.22580645161290322,0,-7.4113232295100335,98.938000000000002,12.820131589442923,51.577999999999996,12.820131589442923,51.577999999999996,0.9897243160709529,31
sparse-mixer-live-1,primary-comparison__mean__E8_minus_E20,primary-comparison,mean,E8_minus_E20,mm/s,emissions_knots,49,49,0,0,0,88.800000000000011,1,10.138,98.938000000000017,0.92500000000000016,1.4210854715202004e-14,0.051339358681397995,0.10198371341608381,4.2355509245665717,0.53061224489795922,0.46938775510204084,0,-9.3293169660399897,63.788000000000004,6.8040349860437459,21.238,9.3293169660399897,63.788000000000004,0.98477144768771696,49
sparse-mixer-live-1,primary-comparison__mean__E64_minus_E20,primary-comparison,mean,E64_minus_E20,mm/s,emissions_knots,49,49,0,0,0,88.800000000000011,1,10.138,98.938000000000017,0.92500000000000016,1.4210854715202004e-14,4.2132673817307591,4.0985846744358847,5.9943382584379048,0.81632653061224492,0.18367346938775511,0,-3.1070002387019837,98.938000000000017,15.454934907025972,82.288000000000011,15.454934907025972,82.288000000000011,0.98434733688654397,49
sparse-mixer-live-1,primary-comparison__mean__E128_minus_E20,primary-comparison,mean,E128_minus_E20,mm/s,emissions_knots,49,49,0,0,0,88.800000000000011,1,10.138,98.938000000000017,0.92500000000000016,1.4210854715202004e-14,6.593662063458094,6.4631498423070104,7.7402357283695116,0.95918367346938771,0.040816326530612242,0,-2.3942279925763597,98.938000000000017,13.719181749438803,34.188000000000002,13.719181749438803,34.188000000000002,0.98807348254882421,49
sparse-mixer-live-1,primary-comparison__mean__pitch_x_burst_interaction,primary-comparison,mean,pitch_x_burst_interaction,mm/s,corner_knots,31,31,0,0,0,88.799999999999997,1,10.138,98.938000000000017,1.48,0.2466666666666697,7.9250172329289761,7.9224685469518512,11.349355320637233,0.80645161290322576,0.19354838709677419,0,-7.6147875088980292,60.457999999999998,21.74307680103464,45.657999999999994,21.74307680103464,45.657999999999994,,0
sparse-mixer-live-1,primary-comparison__std__pitch_at_burst_4,primary-comparison,std,pitch_at_burst_4,mm/s,corner_knots,31,31,0,0,0,88.799999999999997,1,10.138,98.938000000000017,1.48,0.2466666666666697,-1.1989751322772846,-1.1898727689931243,1.8259762888070377,0.19354838709677419,0.80645161290322576,0,-4.4948427338280084,72.298000000000002,1.568318051252465,36.777999999999999,4.4948427338280084,72.298000000000002,0.93763074034562466,31
sparse-mixer-live-1,primary-comparison__std__pitch_at_burst_18,primary-comparison,std,pitch_at_burst_18,mm/s,corner_knots,31,31,0,0,0,88.799999999999997,1,10.138,98.938000000000017,1.48,0.2466666666666697,-2.569512175455122,-2.5902392497223974,3.996074416809551,0.22580645161290322,0.77419354838709675,0,-8.7864559947413099,13.097999999999999,2.0411356025952028,78.218000000000004,8.7864559947413099,13.097999999999999,0.88677319818294309,31
sparse-mixer-live-1,primary-comparison__std__burst_at_fine_pitch,primary-comparison,std,burst_at_fine_pitch,mm/s,corner_knots,31,31,0,0,0,88.799999999999997,1,10.138,98.938000000000017,1.48,0.2466666666666697,0.46376794398006388,0.47478681664251965,3.6186547593719838,0.64516129032258063,0.35483870967741937,0,-8.9932274008265001,78.218000000000004,4.7028826858765136,13.097999999999999,8.9932274008265001,78.218000000000004,0.85561121139770224,31
sparse-mixer-live-1,primary-comparison__std__burst_at_coarse_pitch,primary-comparison,std,burst_at_coarse_pitch,mm/s,corner_knots,31,31,0,0,0,88.799999999999997,1,10.138,98.938000000000017,1.48,1.4210854715202004e-14,-0.90676909919777338,-0.92557966408675418,2.3608412454445133,0.38709677419354838,0.61290322580645162,0,-5.0979512187065765,78.218000000000004,2.5969628385751911,87.097999999999999,5.0979512187065765,78.218000000000004,0.86433337359815632,31
sparse-mixer-live-1,primary-comparison__std__E8_minus_E20,primary-comparison,std,E8_minus_E20,mm/s,emissions_knots,49,49,0,0,0,88.800000000000011,1,10.138,98.938000000000017,0.92500000000000016,1.4210854715202004e-14,-0.36618839776271694,-0.37531391334337366,1.7927188551745716,0.46938775510204084,0.53061224489795922,0,-3.8697187285832193,10.138,2.9414569160640589,50.838000000000001,3.8697187285832193,10.138,0.87766065351378375,49
sparse-mixer-live-1,primary-comparison__std__E64_minus_E20,primary-comparison,std,E64_minus_E20,mm/s,emissions_knots,49,49,0,0,0,88.800000000000011,1,10.138,98.938000000000017,0.92500000000000016,1.4210854715202004e-14,-1.9615460617508151,-1.9733021865749529,2.5973698762645094,0.10204081632653061,0.89795918367346939,0,-5.3359109617160811,19.387999999999998,2.69830762859117,69.338000000000008,5.3359109617160811,19.387999999999998,0.89824567459660476,49
sparse-mixer-live-1,primary-comparison__std__E128_minus_E20,primary-comparison,std,E128_minus_E20,mm/s,emissions_knots,49,49,0,0,0,88.800000000000011,1,10.138,98.938000000000017,0.92500000000000016,1.4210854715202004e-14,-1.6237212506925007,-1.6252573099811427,2.4392151367487509,0.16326530612244897,0.83673469387755106,0,-5.2119785481936241,13.838000000000001,3.4697455102452857,69.338000000000008,5.2119785481936241,13.838000000000001,0.87604353212955566,49
sparse-mixer-live-1,primary-comparison__std__pitch_x_burst_interaction,primary-comparison,std,pitch_x_burst_interaction,mm/s,corner_knots,31,31,0,0,0,88.799999999999997,1,10.138,98.938000000000017,1.48,0.2466666666666697,-1.3705370431778372,-1.4003664807292735,3.5935687807333752,0.38709677419354838,0.61290322580645162,0,-7.0711239071021339,13.097999999999999,4.3382214592017974,72.298000000000002,7.0711239071021339,13.097999999999999,,0
sparse-mixer-live-1,primary-comparison__mad_scaled__pitch_at_burst_4,primary-comparison,mad_scaled,pitch_at_burst_4,mm/s,corner_knots,31,31,0,0,0,88.799999999999997,1,10.138,98.938000000000017,1.48,0.2466666666666697,-1.1009638162229005,-1.0366529394252249,2.5143192922129916,0.41379310344827586,0.58620689655172409,0.064516129032258063,-5.3560401870303487,84.138000000000005,1.7853467290101221,10.138,5.3560401870303487,84.138000000000005,0.88421478963199973,31
sparse-mixer-live-1,primary-comparison__mad_scaled__pitch_at_burst_18,primary-comparison,mad_scaled,pitch_at_burst_18,mm/s,corner_knots,31,31,0,0,0,88.799999999999997,1,10.138,98.938000000000017,1.48,0.2466666666666697,-2.9755778816835252,-2.9371833283714803,4.6441898374412762,0.2413793103448276,0.75862068965517238,0.064516129032258063,-10.712080374060701,13.097999999999999,1.7853467290101168,81.177999999999997,10.712080374060701,13.097999999999999,0.8792762201241956,31
sparse-mixer-live-1,primary-comparison__mad_scaled__burst_at_fine_pitch,primary-comparison,mad_scaled,burst_at_fine_pitch,mm/s,corner_knots,31,31,0,0,0,88.799999999999997,1,10.138,98.938000000000017,1.48,0.2466666666666697,0.86291758568822663,0.86387744952102685,3.9988047084491876,0.75,0.25,0.096774193548387094,-10.712080374060692,78.218000000000004,7.1413869160404566,13.097999999999999,10.712080374060692,78.218000000000004,0.83769670604034419,31
sparse-mixer-live-1,primary-comparison__mad_scaled__burst_at_coarse_pitch,primary-comparison,mad_scaled,burst_at_coarse_pitch,mm/s,corner_knots,31,31,0,0,0,88.799999999999997,1,10.138,98.938000000000017,1.48,1.4210854715202004e-14,-1.0116964797723982,-1.0366529394252286,2.4392480043111564,0.29999999999999999,0.69999999999999996,0.032258064516129031,-7.1413869160404673,78.218000000000004,3.5706934580202407,57.497999999999998,7.1413869160404673,78.218000000000004,0.88111137194776468,31
sparse-mixer-live-1,primary-comparison__mad_scaled__E8_minus_E20,primary-comparison,mad_scaled,E8_minus_E20,mm/s,emissions_knots,49,49,0,0,0,88.800000000000011,1,10.138,98.938000000000017,0.92500000000000016,1.4210854715202004e-14,-0.3208044903690061,-0.32336637183601713,2.2328454438387917,0.46938775510204084,0.53061224489795922,0,-4.2401984813990303,17.538,4.2401984813989984,48.988,4.2401984813990303,17.538,0.87699949361636809,49
sparse-mixer-live-1,primary-comparison__mad_scaled__E64_minus_E20,primary-comparison,mad_scaled,E64_minus_E20,mm/s,emissions_knots,49,49,0,0,0,88.800000000000011,1,10.138,98.938000000000017,0.92500000000000016,1.4210854715202004e-14,-1.3529580680779794,-1.380000150229759,2.695976090667914,0.30612244897959184,0.69387755102040816,0,-6.9182185749141922,13.838000000000001,3.347525116893955,41.588000000000001,6.9182185749141922,13.838000000000001,0.86979975878630145,49
sparse-mixer-live-1,primary-comparison__mad_scaled__E128_minus_E20,primary-comparison,mad_scaled,E128_minus_E20,mm/s,emissions_knots,49,49,0,0,0,88.800000000000011,1,10.138,98.938000000000017,0.92500000000000016,1.4210854715202004e-14,-1.1669844504727589,-1.161386265044847,2.994983715240461,0.35416666666666669,0.64583333333333337,0.020408163265306121,-8.7035653039243144,13.838000000000001,6.0255452104091383,71.188000000000002,8.7035653039243144,13.838000000000001,0.80733586600552831,49
sparse-mixer-live-1,primary-comparison__mad_scaled__pitch_x_burst_interaction,primary-comparison,mad_scaled,pitch_x_burst_interaction,mm/s,corner_knots,31,31,0,0,0,88.799999999999997,1,10.138,98.938000000000017,1.48,0.2466666666666697,-1.8746140654606247,-1.9005303889462557,3.972145713187806,0.25806451612903225,0.74193548387096775,0,-8.9267336450505681,13.097999999999999,3.570693458020239,81.177999999999997,8.9267336450505681,13.097999999999999,,0
sparse-mixer-live-1,primary-comparison__recurrence-1e-lag__pitch_at_burst_4,primary-comparison,recurrence-1e-lag,pitch_at_burst_4,s,corner_knots,31,31,0,0,0,88.799999999999997,1,10.138,98.938000000000017,1.48,0.2466666666666697,-0.044990445003013427,-0.043614848469835037,0.12414887247248092,0.19354838709677419,0.80645161290322576,0,-0.639621183262719,78.218000000000004,0.030200005201539745,10.138,0.639621183262719,78.218000000000004,0.92983963555835425,31
sparse-mixer-live-1,primary-comparison__recurrence-1e-lag__pitch_at_burst_18,primary-comparison,recurrence-1e-lag,pitch_at_burst_18,s,corner_knots,31,31,0,0,0,88.799999999999997,1,10.138,98.938000000000017,1.48,0.2466666666666697,-0.064209397214340533,-0.064526680611801265,0.1025279408901025,0.22580645161290322,0.77419354838709675,0,-0.3830697365971481,13.097999999999999,0.026216364052471415,78.218000000000004,0.3830697365971481,13.097999999999999,0.44963280426302954,31
sparse-mixer-live-1,primary-comparison__recurrence-1e-lag__burst_at_fine_pitch,primary-comparison,recurrence-1e-lag,burst_at_fine_pitch,s,corner_knots,31,31,0,0,0,88.799999999999997,1,10.138,98.938000000000017,1.48,0.2466666666666697,-0.013024265551846754,-0.011435463666281179,0.22764801639321738,0.58064516129032262,0.41935483870967744,0,-1.1106836429885731,78.218000000000004,0.35398519470895329,13.097999999999999,1.1106836429885731,78.218000000000004,-0.21499193836570879,31
sparse-mixer-live-1,primary-comparison__recurrence-1e-lag__burst_at_coarse_pitch,primary-comparison,recurrence-1e-lag,burst_at_coarse_pitch,s,corner_knots,31,31,0,0,0,88.799999999999997,1,10.138,98.938000000000017,1.48,1.4210854715202004e-14,-0.032243217763173855,-0.032347295808247405,0.096871703327518044,0.32258064516129031,0.67741935483870963,0,-0.44484609567338279,78.218000000000004,0.035985125791519454,51.577999999999996,0.44484609567338279,78.218000000000004,-0.038131817263591737,31
sparse-mixer-live-1,primary-comparison__recurrence-1e-lag__E8_minus_E20,primary-comparison,recurrence-1e-lag,E8_minus_E20,s,emissions_knots,49,49,0,0,0,88.800000000000011,1,10.138,98.938000000000017,0.92500000000000016,1.4210854715202004e-14,-0.046484091889393078,-0.046840582293902547,0.054815392167050045,0,1,0,-0.17222594091411803,78.588000000000008,-0.0037896311481970674,54.538000000000004,0.17222594091411803,78.588000000000008,0.51532862178098438,49
sparse-mixer-live-1,primary-comparison__recurrence-1e-lag__E64_minus_E20,primary-comparison,recurrence-1e-lag,E64_minus_E20,s,emissions_knots,49,49,0,0,0,88.800000000000011,1,10.138,98.938000000000017,0.92500000000000016,1.4210854715202004e-14,-0.0066421764769424314,-0.0064673358251851228,0.030500503027207273,0.32653061224489793,0.67346938775510201,0,-0.10204331241606136,78.588000000000008,0.10038909191086863,71.188000000000002,0.10204331241606136,78.588000000000008,0.44984131362924218,49
sparse-mixer-live-1,primary-comparison__recurrence-1e-lag__E128_minus_E20,primary-comparison,recurrence-1e-lag,E128_minus_E20,s,emissions_knots,49,49,0,0,0,88.800000000000011,1,10.138,98.938000000000017,0.92500000000000016,1.4210854715202004e-14,0.039118928595127014,0.038531814752717039,0.05790621843123947,0.87755102040816324,0.12244897959183673,0,-0.0088348086612792531,60.088000000000001,0.17478893953261671,76.738000000000014,0.17478893953261671,76.738000000000014,0.27983187894708128,49
sparse-mixer-live-1,primary-comparison__recurrence-1e-lag__pitch_x_burst_interaction,primary-comparison,recurrence-1e-lag,pitch_x_burst_interaction,s,corner_knots,31,31,0,0,0,88.799999999999997,1,10.138,98.938000000000017,1.48,0.2466666666666697,-0.019218952211327106,-0.020911832141966225,0.15463193757086877,0.38709677419354838,0.61290322580645162,0,-0.34400679904551545,13.097999999999999,0.6658375473151904,78.218000000000004,0.6658375473151904,78.218000000000004,,0
sparse-mixer-live-1,full-record__recurrence-1e-lag__pitch_at_burst_4,full-record,recurrence-1e-lag,pitch_at_burst_4,s,corner_knots,31,31,0,0,0,88.799999999999997,1,10.138,98.938000000000017,1.48,0.2466666666666697,-0.041295210399502451,-0.039657961840644761,0.12814395267272319,0.32258064516129031,0.67741935483870963,0,-0.66951090069528663,78.218000000000004,0.025607071547930335,10.138,0.66951090069528663,78.218000000000004,0.92125118615276558,31
sparse-mixer-live-1,full-record__recurrence-1e-lag__pitch_at_burst_18,full-record,recurrence-1e-lag,pitch_at_burst_18,s,corner_knots,31,31,0,0,0,88.799999999999997,1,10.138,98.938000000000017,1.48,0.2466666666666697,-0.055974230812703432,-0.056140298746465617,0.079795927507690642,0.19354838709677419,0.80645161290322576,0,-0.17563769768327425,13.097999999999999,0.034520590364491496,95.978000000000009,0.17563769768327425,13.097999999999999,0.60582855208122,31
sparse-mixer-live-1,full-record__recurrence-1e-lag__burst_at_fine_pitch,full-record,recurrence-1e-lag,burst_at_fine_pitch,s,corner_knots,31,31,0,0,0,88.799999999999997,1,10.138,98.938000000000017,1.48,0.2466666666666697,-0.016517983657823337,-0.014366791468152038,0.21855031308372855,0.58064516129032262,0.41935483870967744,0,-1.107919774666658,78.218000000000004,0.15827719542608354,13.097999999999999,1.107919774666658,78.218000000000004,-0.22896568443475598,31
sparse-mixer-live-1,full-record__recurrence-1e-lag__burst_at_coarse_pitch,full-record,recurrence-1e-lag,burst_at_coarse_pitch,s,corner_knots,31,31,0,0,0,88.799999999999997,1,10.138,98.938000000000017,1.48,1.4210854715202004e-14,-0.031197004071024319,-0.030849128373972905,0.093052063269873156,0.29032258064516131,0.70967741935483875,0,-0.41736563484411232,78.218000000000004,0.0340772608055116,51.577999999999996,0.41736563484411232,78.218000000000004,-0.096229361561820437,31
sparse-mixer-live-1,full-record__recurrence-1e-lag__E8_minus_E20,full-record,recurrence-1e-lag,E8_minus_E20,s,emissions_knots,49,49,0,0,0,88.800000000000011,1,10.138,98.938000000000017,0.92500000000000016,1.4210854715202004e-14,-0.048903390825584592,-0.049166669476705498,0.057717615752411577,0,1,0,-0.1842677447483852,78.588000000000008,-0.0030424866280831936,54.538000000000004,0.1842677447483852,78.588000000000008,0.48292389521318241,49
sparse-mixer-live-1,full-record__recurrence-1e-lag__E64_minus_E20,full-record,recurrence-1e-lag,E64_minus_E20,s,emissions_knots,49,49,0,0,0,88.800000000000011,1,10.138,98.938000000000017,0.92500000000000016,1.4210854715202004e-14,-0.0091945645550882537,-0.0090273494307329984,0.032088089125641012,0.30612244897959184,0.69387755102040816,0,-0.11804124107066773,78.588000000000008,0.09806977414436481,71.188000000000002,0.11804124107066773,78.588000000000008,0.43675686150344484,49
sparse-mixer-live-1,full-record__recurrence-1e-lag__E128_minus_E20,full-record,recurrence-1e-lag,E128_minus_E20,s,emissions_knots,49,49,0,0,0,88.800000000000011,1,10.138,98.938000000000017,0.92500000000000016,1.4210854715202004e-14,0.035708831898908569,0.035328516337123257,0.054483418398408388,0.95918367346938771,0.040816326530612242,0,-0.0087398321623755465,60.088000000000001,0.16274133370714375,76.738000000000014,0.16274133370714375,76.738000000000014,0.31799289420855908,49
sparse-mixer-live-1,full-record__recurrence-1e-lag__pitch_x_burst_interaction,full-record,recurrence-1e-lag,pitch_x_burst_interaction,s,corner_knots,31,31,0,0,0,88.799999999999997,1,10.138,98.938000000000017,1.48,0.2466666666666697,-0.014679020413200985,-0.016482336905820866,0.14611966113128227,0.29032258064516131,0.70967741935483875,0,-0.15729118752200877,45.657999999999994,0.69055413982254576,78.218000000000004,0.69055413982254576,78.218000000000004,,0
sparse-mixer-live-1,primary-comparison__recurrence-peak-lag__pitch_at_burst_4,primary-comparison,recurrence-peak-lag,pitch_at_burst_4,s,corner_knots,31,3,28,0,28,2.960000000000008,0.033333333333333423,10.138,98.938000000000017,1.48,0.2466666666666697,-0.058045991950360559,0.020723865690275223,0.081038000295273166,0.33333333333333331,0.66666666666666663,0,-0.11459526524679975,81.177999999999997,0.17826358097154679,75.25800000000001,0.17826358097154679,75.25800000000001,0.9260490081948336,3
sparse-mixer-live-1,primary-comparison__recurrence-peak-lag__pitch_at_burst_18,primary-comparison,recurrence-peak-lag,pitch_at_burst_18,s,corner_knots,31,1,30,0,30,0,0,10.138,98.938000000000017,1.48,0.2466666666666697,,0.066662689362177896,,1,0,0,0.066662689362177896,81.177999999999997,0.066662689362177896,81.177999999999997,0.066662689362177896,81.177999999999997,,1
sparse-mixer-live-1,primary-comparison__recurrence-peak-lag__burst_at_fine_pitch,primary-comparison,recurrence-peak-lag,burst_at_fine_pitch,s,corner_knots,31,1,30,0,30,0,0,10.138,98.938000000000017,1.48,0.2466666666666697,,-0.53928183520599249,,0,1,0,-0.53928183520599249,81.177999999999997,-0.53928183520599249,81.177999999999997,0.53928183520599249,81.177999999999997,,1
sparse-mixer-live-1,primary-comparison__recurrence-peak-lag__burst_at_coarse_pitch,primary-comparison,recurrence-peak-lag,burst_at_coarse_pitch,s,corner_knots,31,1,30,0,30,0,0,10.138,98.938000000000017,1.48,1.4210854715202004e-14,,-0.3580238805970149,,0,1,0,-0.3580238805970149,81.177999999999997,-0.3580238805970149,81.177999999999997,0.3580238805970149,81.177999999999997,,1
sparse-mixer-live-1,primary-comparison__recurrence-peak-lag__E8_minus_E20,primary-comparison,recurrence-peak-lag,E8_minus_E20,s,emissions_knots,49,0,49,0,49,0,0,10.138,98.938000000000017,0.92500000000000016,1.4210854715202004e-14,,,,,,,,,,,,,,0
sparse-mixer-live-1,primary-comparison__recurrence-peak-lag__E64_minus_E20,primary-comparison,recurrence-peak-lag,E64_minus_E20,s,emissions_knots,49,0,49,0,49,0,0,10.138,98.938000000000017,0.92500000000000016,1.4210854715202004e-14,,,,,,,,,,,,,,0
sparse-mixer-live-1,primary-comparison__recurrence-peak-lag__E128_minus_E20,primary-comparison,recurrence-peak-lag,E128_minus_E20,s,emissions_knots,49,0,49,0,49,0,0,10.138,98.938000000000017,0.92500000000000016,1.4210854715202004e-14,,,,,,,,,,,,,,0
sparse-mixer-live-1,primary-comparison__recurrence-peak-lag__pitch_x_burst_interaction,primary-comparison,recurrence-peak-lag,pitch_x_burst_interaction,s,corner_knots,31,1,30,0,30,0,0,10.138,98.938000000000017,1.48,0.2466666666666697,,0.18125795460897764,,1,0,0,0.18125795460897764,81.177999999999997,0.18125795460897764,81.177999999999997,0.18125795460897764,81.177999999999997,,0
sparse-mixer-live-1,full-record__recurrence-peak-lag__pitch_at_burst_4,full-record,recurrence-peak-lag,pitch_at_burst_4,s,corner_knots,31,5,26,0,26,11.840000000000003,0.13333333333333339,10.138,98.938000000000017,1.48,0.2466666666666697,-0.24896090949820759,-0.25327474172464687,0.430425250155138,0.20000000000000001,0.80000000000000004,0,-0.78897973856209147,78.218000000000004,0.17826295593506222,75.25800000000001,0.78897973856209147,78.218000000000004,0.69730589529844145,5
sparse-mixer-live-1,full-record__recurrence-peak-lag__pitch_at_burst_18,full-record,recurrence-peak-lag,pitch_at_burst_18,s,corner_knots,31,0,31,0,31,0,0,10.138,98.938000000000017,1.48,0.2466666666666697,,,,,,,,,,,,,,0
sparse-mixer-live-1,full-record__recurrence-peak-lag__burst_at_fine_pitch,full-record,recurrence-peak-lag,burst_at_fine_pitch,s,corner_knots,31,0,31,0,31,0,0,10.138,98.938000000000017,1.48,0.2466666666666697,,,,,,,,,,,,,,0
sparse-mixer-live-1,full-record__recurrence-peak-lag__burst_at_coarse_pitch,full-record,recurrence-peak-lag,burst_at_coarse_pitch,s,corner_knots,31,1,30,0,30,0,0,10.138,98.938000000000017,1.48,1.4210854715202004e-14,,-0.46990588235294117,,0,1,0,-0.46990588235294117,81.177999999999997,-0.46990588235294117,81.177999999999997,0.46990588235294117,81.177999999999997,,1
sparse-mixer-live-1,full-record__recurrence-peak-lag__E8_minus_E20,full-record,recurrence-peak-lag,E8_minus_E20,s,emissions_knots,49,0,49,0,49,0,0,10.138,98.938000000000017,0.92500000000000016,1.4210854715202004e-14,,,,,,,,,,,,,,0
sparse-mixer-live-1,full-record__recurrence-peak-lag__E64_minus_E20,full-record,recurrence-peak-lag,E64_minus_E20,s,emissions_knots,49,0,49,0,49,0,0,10.138,98.938000000000017,0.92500000000000016,1.4210854715202004e-14,,,,,,,,,,,,,,0
sparse-mixer-live-1,full-record__recurrence-peak-lag__E128_minus_E20,full-record,recurrence-peak-lag,E128_minus_E20,s,emissions_knots,49,0,49,0,49,0,0,10.138,98.938000000000017,0.92500000000000016,1.4210854715202004e-14,,,,,,,,,,,,,,0
sparse-mixer-live-1,full-record__recurrence-peak-lag__pitch_x_burst_interaction,full-record,recurrence-peak-lag,pitch_x_burst_interaction,s,corner_knots,31,0,31,0,31,0,0,10.138,98.938000000000017,1.48,0.2466666666666697,,,,,,,,,,,,,,0
sparse-mixer-live-1,primary-comparison__band_fraction__pitch_at_burst_4,primary-comparison,band_fraction,pitch_at_burst_4,dimensionless,corner_knots,31,31,0,0,0,88.799999999999997,1,10.138,98.938000000000017,1.48,0.2466666666666697,-0.087770264480804286,-0.088499314940765114,0.17474643816674718,0.29032258064516131,0.70967741935483875,0,-0.33673595439858051,19.018000000000001,0.25435532305455055,30.857999999999997,0.33673595439858051,19.018000000000001,0.26923505166970252,31
sparse-mixer-live-1,primary-comparison__band_fraction__pitch_at_burst_18,primary-comparison,band_fraction,pitch_at_burst_18,dimensionless,corner_knots,31,31,0,0,0,88.799999999999997,1,10.138,98.938000000000017,1.48,0.2466666666666697,-0.11134799253976223,-0.11068218744213389,0.21163700030030441,0.32258064516129031,0.67741935483870963,0,-0.41444310951632762,13.097999999999999,0.22435534545548366,78.218000000000004,0.41444310951632762,13.097999999999999,0.3265129716042347,31
sparse-mixer-live-1,primary-comparison__band_fraction__burst_at_fine_pitch,primary-comparison,band_fraction,burst_at_fine_pitch,dimensionless,corner_knots,31,31,0,0,0,88.799999999999997,1,10.138,98.938000000000017,1.48,0.2466666666666697,-0.070019211335652767,-0.07012043982145913,0.27405536892480437,0.5161290322580645,0.4838709677419355,0,-0.64342066358591188,78.218000000000004,0.44675122008439938,30.857999999999997,0.64342066358591188,78.218000000000004,-0.33875760897589835,31
sparse-mixer-live-1,primary-comparison__band_fraction__burst_at_coarse_pitch,primary-comparison,band_fraction,burst_at_coarse_pitch,dimensionless,corner_knots,31,31,0,0,0,88.799999999999997,1,10.138,98.938000000000017,1.48,1.4210854715202004e-14,-0.093596939394610709,-0.092303312322827846,0.14488238880270779,0.25806451612903225,0.74193548387096775,0,-0.32046636500442249,78.218000000000004,0.10547030939357618,21.978000000000002,0.32046636500442249,78.218000000000004,0.39424536076351346,31
sparse-mixer-live-1,primary-comparison__band_fraction__E8_minus_E20,primary-comparison,band_fraction,E8_minus_E20,dimensionless,emissions_knots,49,49,0,0,0,88.800000000000011,1,10.138,98.938000000000017,0.92500000000000016,1.4210854715202004e-14,-0.12693267854429341,-0.12782730405255793,0.16545413029166214,0.12244897959183673,0.87755102040816324,0,-0.32862307569668103,78.588000000000008,0.10877410865768444,63.788000000000004,0.32862307569668103,78.588000000000008,0.004967272029879951,49
sparse-mixer-live-1,primary-comparison__band_fraction__E64_minus_E20,primary-comparison,band_fraction,E64_minus_E20,dimensionless,emissions_knots,49,49,0,0,0,88.800000000000011,1,10.138,98.938000000000017,0.92500000000000016,1.4210854715202004e-14,0.038030793401824102,0.039870823901884941,0.11108209735636669,0.59183673469387754,0.40816326530612246,0,-0.13980479392040429,15.688000000000001,0.26144329645714981,98.938000000000017,0.26144329645714981,98.938000000000017,0.28518594418129878,49
sparse-mixer-live-1,primary-comparison__band_fraction__E128_minus_E20,primary-comparison,band_fraction,E128_minus_E20,dimensionless,emissions_knots,49,49,0,0,0,88.800000000000011,1,10.138,98.938000000000017,0.92500000000000016,1.4210854715202004e-14,0.064927370908639981,0.065570230664376922,0.14062250384842004,0.7142857142857143,0.2857142857142857,0,-0.16312456310768073,58.238,0.50206269132039039,73.038000000000011,0.50206269132039039,73.038000000000011,0.33343109887354339,49
sparse-mixer-live-1,primary-comparison__band_fraction__pitch_x_burst_interaction,primary-comparison,band_fraction,pitch_x_burst_interaction,dimensionless,corner_knots,31,31,0,0,0,88.799999999999997,1,10.138,98.938000000000017,1.48,0.2466666666666697,-0.023577728058957963,-0.02218287250136872,0.23725811230750757,0.5161290322580645,0.4838709677419355,0,-0.49846557962171434,30.857999999999997,0.34194148934507484,84.138000000000005,0.49846557962171434,30.857999999999997,,0
sparse-mixer-live-1,full-record__band_fraction__pitch_at_burst_4,full-record,band_fraction,pitch_at_burst_4,dimensionless,corner_knots,31,31,0,0,0,88.799999999999997,1,10.138,98.938000000000017,1.48,0.2466666666666697,-0.077595200842877216,-0.077861920233281978,0.1655837156630445,0.35483870967741937,0.64516129032258063,0,-0.33132947639290578,21.978000000000002,0.25808116213116766,30.857999999999997,0.33132947639290578,21.978000000000002,0.32568926978667417,31
sparse-mixer-live-1,full-record__band_fraction__pitch_at_burst_18,full-record,band_fraction,pitch_at_burst_18,dimensionless,corner_knots,31,31,0,0,0,88.799999999999997,1,10.138,98.938000000000017,1.48,0.2466666666666697,-0.1110381720401673,-0.11008883355520245,0.21463607225946457,0.32258064516129031,0.67741935483870963,0,-0.38171369783620496,13.097999999999999,0.23710066017378401,78.218000000000004,0.38171369783620496,13.097999999999999,0.2894786484421753,31
sparse-mixer-live-1,full-record__band_fraction__burst_at_fine_pitch,full-record,band_fraction,burst_at_fine_pitch,dimensionless,corner_knots,31,31,0,0,0,88.799999999999997,1,10.138,98.938000000000017,1.48,0.2466666666666697,-0.062777481925272965,-0.062622132519608659,0.27024861314947418,0.5161290322580645,0.4838709677419355,0,-0.63845001406633584,78.218000000000004,0.44645564316428521,30.857999999999997,0.63845001406633584,78.218000000000004,-0.3187524401319593,31
sparse-mixer-live-1,full-record__band_fraction__burst_at_coarse_pitch,full-record,band_fraction,burst_at_coarse_pitch,dimensionless,corner_knots,31,31,0,0,0,88.799999999999997,1,10.138,98.938000000000017,1.48,1.4210854715202004e-14,-0.096220453122563054,-0.094849045841529117,0.14341908091026981,0.22580645161290322,0.77419354838709675,0,-0.31555675449507514,78.218000000000004,0.090572868925681338,21.978000000000002,0.31555675449507514,78.218000000000004,0.47992807393700387,31
sparse-mixer-live-1,full-record__band_fraction__E8_minus_E20,full-record,band_fraction,E8_minus_E20,dimensionless,emissions_knots,49,49,0,0,0,88.800000000000011,1,10.138,98.938000000000017,0.92500000000000016,1.4210854715202004e-14,-0.13254343965944521,-0.13334720669636563,0.17003884268576683,0.10204081632653061,0.89795918367346939,0,-0.32199668238837764,78.588000000000008,0.098228058173190747,63.788000000000004,0.32199668238837764,78.588000000000008,-0.0048169445730474776,49
sparse-mixer-live-1,full-record__band_fraction__E64_minus_E20,full-record,band_fraction,E64_minus_E20,dimensionless,emissions_knots,49,49,0,0,0,88.800000000000011,1,10.138,98.938000000000017,0.92500000000000016,1.4210854715202004e-14,0.030893074583937745,0.032631009757914768,0.1034793939946683,0.59183673469387754,0.40816326530612246,0,-0.14487211543562672,15.688000000000001,0.25434401118947936,98.938000000000017,0.25434401118947936,98.938000000000017,0.34500276684459141,49
sparse-mixer-live-1,full-record__band_fraction__E128_minus_E20,full-record,band_fraction,E128_minus_E20,dimensionless,emissions_knots,49,49,0,0,0,88.800000000000011,1,10.138,98.938000000000017,0.92500000000000016,1.4210854715202004e-14,0.070488966664824723,0.071009306248911122,0.14739874170789877,0.73469387755102045,0.26530612244897961,0,-0.17171330658427775,58.238,0.5084858186462563,73.038000000000011,0.5084858186462563,73.038000000000011,0.31313884353352067,49
sparse-mixer-live-1,full-record__band_fraction__pitch_x_burst_interaction,full-record,band_fraction,pitch_x_burst_interaction,dimensionless,corner_knots,31,31,0,0,0,88.799999999999997,1,10.138,98.938000000000017,1.48,0.2466666666666697,-0.033442971197290089,-0.032226913321920465,0.23860867408408573,0.5161290322580645,0.4838709677419355,0,-0.50511073382189187,30.857999999999997,0.34234656387183182,84.138000000000005,0.50511073382189187,30.857999999999997,,0
